No,근무일(*),요일,구분,소속,사번(*),성명,직급,출근시간,퇴근시간,기준시간,기준퇴근시간,근태,비고,특이사항
1.0,2026-04-01 00:00:00,수,평일,제주지점 물류운영팀,0014254,jeju_1,전문2급,1970-01-01 07:52:00,1970-01-01 23:50:00,1970-01-01 08:00:00,1970-01-01 17:00:00,,,
2.0,2026-04-02 00:00:00,목,평일,제주지점 물류운영팀,0014254,jeju_1,전문2급,1970-01-01 10:24:00,1970-01-01 17:21:00,1970-01-01 08:00:00,1970-01-01 17:00:00,,,
3.0,2026-04-03 00:00:00,금,평일,제주지점 물류운영팀,0014254,jeju_1,전문2급,1970-01-01 07:56:00,1970-01-01 17:19:00,1970-01-01 08:00:00,1970-01-01 17:00:00,,,
4.0,2026-04-04 00:00:00,토,휴일,제주지점 물류운영팀,0014254,jeju_1,전문2급,,,,,,,
5.0,2026-04-05 00:00:00,일,휴일,제주지점 물류운영팀,0014254,jeju_1,전문2급,,,,,,,
6.0,2026-04-06 00:00:00,월,평일,제주지점 물류운영팀,0014254,jeju_1,전문2급,1970-01-01 07:27:00,1970-01-01 18:12:00,1970-01-01 07:30:00,1970-01-01 16:30:00,,,
7.0,2026-04-07 00:00:00,화,평일,제주지점 물류운영팀,0014254,jeju_1,전문2급,1970-01-01 07:31:00,,1970-01-01 07:45:00,1970-01-01 16:45:00,,체크누락,17:00
8.0,2026-04-08 00:00:00,수,평일,제주지점 물류운영팀,0014254,jeju_1,전문2급,1970-01-01 07:45:00,,1970-01-01 07:45:00,1970-01-01 16:45:00,,체크누락,17:00
9.0,2026-04-09 00:00:00,목,평일,제주지점 물류운영팀,0014254,jeju_1,전문2급,1970-01-01 07:48:00,1970-01-01 17:13:00,1970-01-01 08:00:00,1970-01-01 17:00:00,,,
10.0,2026-04-10 00:00:00,금,평일,제주지점 물류운영팀,0014254,jeju_1,전문2급,1970-01-01 07:56:00,1970-01-01 17:12:00,1970-01-01 08:00:00,1970-01-01 17:00:00,,,
11.0,2026-04-11 00:00:00,토,휴일,제주지점 물류운영팀,0014254,jeju_1,전문2급,,,,,,,
12.0,2026-04-12 00:00:00,일,휴일,제주지점 물류운영팀,0014254,jeju_1,전문2급,,,,,,,
13.0,2026-04-13 00:00:00,월,평일,제주지점 물류운영팀,0014254,jeju_1,전문2급,1970-01-01 07:29:00,1970-01-01 18:08:00,1970-01-01 07:30:00,1970-01-01 16:30:00,,,
14.0,2026-04-14 00:00:00,화,평일,제주지점 물류운영팀,0014254,jeju_1,전문2급,1970-01-01 07:52:00,1970-01-01 17:22:00,1970-01-01 08:00:00,1970-01-01 17:00:00,,,
15.0,2026-04-15 00:00:00,수,평일,제주지점 물류운영팀,0014254,jeju_1,전문2급,,1970-01-01 17:09:00,1970-01-01 08:00:00,1970-01-01 17:00:00,,체크누락,08:00
16.0,2026-04-16 00:00:00,목,평일,제주지점 물류운영팀,0014254,jeju_1,전문2급,1970-01-01 07:54:00,,1970-01-01 08:00:00,1970-01-01 17:00:00,오후반차,체크누락,12:00
17.0,2026-04-17 00:00:00,금,평일,제주지점 물류운영팀,0014254,jeju_1,전문2급,,,,,연차,,
18.0,2026-04-18 00:00:00,토,휴일,제주지점 물류운영팀,0014254,jeju_1,전문2급,,,,,,,
19.0,2026-04-19 00:00:00,일,휴일,제주지점 물류운영팀,0014254,jeju_1,전문2급,,,,,,,
20.0,2026-04-20 00:00:00,월,평일,제주지점 물류운영팀,0014254,jeju_1,전문2급,1970-01-01 07:29:00,1970-01-01 17:27:00,1970-01-01 07:30:00,1970-01-01 16:30:00,,,
21.0,2026-04-21 00:00:00,화,평일,제주지점 물류운영팀,0014254,jeju_1,전문2급,1970-01-01 07:43:00,1970-01-01 17:20:00,1970-01-01 07:45:00,1970-01-01 16:45:00,,,
22.0,2026-04-22 00:00:00,수,평일,제주지점 물류운영팀,0014254,jeju_1,전문2급,1970-01-01 07:48:00,1970-01-01 17:57:00,1970-01-01 08:00:00,1970-01-01 17:00:00,,,
23.0,2026-04-23 00:00:00,목,평일,제주지점 물류운영팀,0014254,jeju_1,전문2급,1970-01-01 08:03:00,,1970-01-01 08:15:00,1970-01-01 17:15:00,,체크누락,17:00
24.0,2026-04-24 00:00:00,금,평일,제주지점 물류운영팀,0014254,jeju_1,전문2급,1970-01-01 07:43:00,1970-01-01 17:45:00,1970-01-01 07:45:00,1970-01-01 16:45:00,,,
25.0,2026-04-25 00:00:00,토,휴일,제주지점 물류운영팀,0014254,jeju_1,전문2급,,,,,,,
26.0,2026-04-26 00:00:00,일,휴일,제주지점 물류운영팀,0014254,jeju_1,전문2급,,,,,,,
27.0,2026-04-27 00:00:00,월,평일,제주지점 물류운영팀,0014254,jeju_1,전문2급,1970-01-01 07:27:00,1970-01-01 17:22:00,1970-01-01 07:30:00,1970-01-01 16:30:00,,,
28.0,2026-04-28 00:00:00,화,평일,제주지점 물류운영팀,0014254,jeju_1,전문2급,1970-01-01 07:43:00,,1970-01-01 07:45:00,1970-01-01 16:45:00,,체크누락,17:00
29.0,2026-04-29 00:00:00,수,평일,제주지점 물류운영팀,0014254,jeju_1,전문2급,1970-01-01 07:43:00,1970-01-01 17:37:00,1970-01-01 07:45:00,1970-01-01 16:45:00,,,
30.0,2026-04-30 00:00:00,목,평일,제주지점 물류운영팀,0014254,jeju_1,전문2급,1970-01-01 07:52:00,1970-01-01 17:29:00,1970-01-01 08:00:00,1970-01-01 17:00:00,,,
31.0,2026-04-01 00:00:00,수,평일,제주지점 물류운영팀,9520125,jeju_24,전문3급,1970-01-01 07:45:00,1970-01-01 18:45:00,1970-01-01 08:00:00,1970-01-01 18:45:00,,,
32.0,2026-04-02 00:00:00,목,평일,제주지점 물류운영팀,9520125,jeju_24,전문3급,1970-01-01 07:45:00,1970-01-01 19:30:00,1970-01-01 08:00:00,1970-01-01 19:30:00,,,
33.0,2026-04-03 00:00:00,금,평일,제주지점 물류운영팀,9520125,jeju_24,전문3급,1970-01-01 07:37:00,1970-01-01 18:53:00,1970-01-01 08:00:00,1970-01-01 19:00:00,,,
34.0,2026-04-04 00:00:00,토,평일,제주지점 물류운영팀,9520125,jeju_24,전문3급,1970-01-01 07:42:00,1970-01-01 16:50:00,1970-01-01 08:00:00,1970-01-01 16:45:00,,,
35.0,2026-04-05 00:00:00,일,휴일,제주지점 물류운영팀,9520125,jeju_24,전문3급,1970-01-01 05:29:00,1970-01-01 18:47:00,1970-01-01 05:30:00,1970-01-01 18:45:00,,,
36.0,2026-04-06 00:00:00,월,평일,제주지점 물류운영팀,9520125,jeju_24,전문3급,1970-01-01 07:24:00,1970-01-01 19:38:00,1970-01-01 08:00:00,1970-01-01 19:30:00,,,
37.0,2026-04-07 00:00:00,화,평일,제주지점 물류운영팀,9520125,jeju_24,전문3급,1970-01-01 07:45:00,1970-01-01 19:50:00,1970-01-01 08:00:00,1970-01-01 19:45:00,,,
38.0,2026-04-08 00:00:00,수,평일,제주지점 물류운영팀,9520125,jeju_24,전문3급,1970-01-01 07:37:00,1970-01-01 19:32:00,1970-01-01 08:00:00,1970-01-01 19:30:00,,,
39.0,2026-04-09 00:00:00,목,평일,제주지점 물류운영팀,9520125,jeju_24,전문3급,1970-01-01 07:52:00,1970-01-01 19:16:00,1970-01-01 08:00:00,1970-01-01 19:15:00,,,
40.0,2026-04-10 00:00:00,금,평일,제주지점 물류운영팀,9520125,jeju_24,전문3급,1970-01-01 07:48:00,1970-01-01 18:55:00,1970-01-01 08:00:00,1970-01-01 19:00:00,,,
41.0,2026-04-11 00:00:00,토,휴일,제주지점 물류운영팀,9520125,jeju_24,전문3급,1970-01-01 05:02:00,1970-01-01 16:51:00,1970-01-01 05:00:00,1970-01-01 17:00:00,,,
42.0,2026-04-12 00:00:00,일,휴일,제주지점 물류운영팀,9520125,jeju_24,전문3급,,,,,,,
43.0,2026-04-13 00:00:00,월,평일,제주지점 물류운영팀,9520125,jeju_24,전문3급,1970-01-01 07:26:00,1970-01-01 18:44:00,1970-01-01 08:00:00,1970-01-01 18:45:00,,,
44.0,2026-04-14 00:00:00,화,평일,제주지점 물류운영팀,9520125,jeju_24,전문3급,1970-01-01 07:48:00,1970-01-01 18:53:00,1970-01-01 08:00:00,1970-01-01 19:00:00,,,
45.0,2026-04-15 00:00:00,수,평일,제주지점 물류운영팀,9520125,jeju_24,전문3급,1970-01-01 07:46:00,1970-01-01 19:15:00,1970-01-01 08:00:00,1970-01-01 19:15:00,,,
46.0,2026-04-16 00:00:00,목,평일,제주지점 물류운영팀,9520125,jeju_24,전문3급,1970-01-01 07:34:00,1970-01-01 18:57:00,1970-01-01 08:00:00,1970-01-01 19:00:00,,,
47.0,2026-04-17 00:00:00,금,평일,제주지점 물류운영팀,9520125,jeju_24,전문3급,1970-01-01 07:59:00,1970-01-01 18:26:00,1970-01-01 08:00:00,1970-01-01 18:30:00,,,
48.0,2026-04-18 00:00:00,토,휴일,제주지점 물류운영팀,9520125,jeju_24,전문3급,1970-01-01 05:25:00,1970-01-01 17:03:00,1970-01-01 05:30:00,1970-01-01 17:00:00,,,
49.0,2026-04-19 00:00:00,일,휴일,제주지점 물류운영팀,9520125,jeju_24,전문3급,,,,,,,
50.0,2026-04-20 00:00:00,월,평일,제주지점 물류운영팀,9520125,jeju_24,전문3급,1970-01-01 07:21:00,1970-01-01 19:19:00,1970-01-01 08:00:00,1970-01-01 19:15:00,,,
51.0,2026-04-21 00:00:00,화,평일,제주지점 물류운영팀,9520125,jeju_24,전문3급,1970-01-01 07:49:00,1970-01-01 18:45:00,1970-01-01 08:00:00,1970-01-01 18:45:00,,,
52.0,2026-04-22 00:00:00,수,평일,제주지점 물류운영팀,9520125,jeju_24,전문3급,1970-01-01 07:48:00,1970-01-01 18:18:00,1970-01-01 08:00:00,1970-01-01 18:15:00,,,
53.0,2026-04-23 00:00:00,목,평일,제주지점 물류운영팀,9520125,jeju_24,전문3급,1970-01-01 07:49:00,1970-01-01 18:45:00,1970-01-01 08:00:00,1970-01-01 18:45:00,,,
54.0,2026-04-24 00:00:00,금,평일,제주지점 물류운영팀,9520125,jeju_24,전문3급,1970-01-01 07:40:00,1970-01-01 17:16:00,1970-01-01 08:00:00,1970-01-01 17:15:00,,,
55.0,2026-04-25 00:00:00,토,휴일,제주지점 물류운영팀,9520125,jeju_24,전문3급,1970-01-01 05:32:00,1970-01-01 16:57:00,1970-01-01 05:30:00,1970-01-01 17:00:00,,,
56.0,2026-04-26 00:00:00,일,휴일,제주지점 물류운영팀,9520125,jeju_24,전문3급,,,,,,,
57.0,2026-04-27 00:00:00,월,평일,제주지점 물류운영팀,9520125,jeju_24,전문3급,1970-01-01 07:19:00,1970-01-01 17:08:00,1970-01-01 07:30:00,1970-01-01 16:30:00,,,
58.0,2026-04-28 00:00:00,화,평일,제주지점 물류운영팀,9520125,jeju_24,전문3급,1970-01-01 07:45:00,1970-01-01 17:08:00,1970-01-01 07:45:00,1970-01-01 16:45:00,,,
59.0,2026-04-29 00:00:00,수,평일,제주지점 물류운영팀,9520125,jeju_24,전문3급,1970-01-01 07:46:00,1970-01-01 17:02:00,1970-01-01 08:00:00,1970-01-01 17:00:00,,,
60.0,2026-04-30 00:00:00,목,평일,제주지점 물류운영팀,9520125,jeju_24,전문3급,1970-01-01 07:40:00,1970-01-01 17:10:00,1970-01-01 07:45:00,1970-01-01 16:45:00,,,
61.0,2026-04-15 00:00:00,수,평일,제주지점 물류운영팀,2610392,jeju_22,전문4급,1970-01-01 07:56:00,1970-01-01 18:07:00,1970-01-01 08:00:00,1970-01-01 17:00:00,,,
62.0,2026-04-16 00:00:00,목,평일,제주지점 물류운영팀,2610392,jeju_22,전문4급,1970-01-01 07:53:00,1970-01-01 17:05:00,1970-01-01 08:00:00,1970-01-01 17:00:00,,,
63.0,2026-04-17 00:00:00,금,평일,제주지점 물류운영팀,2610392,jeju_22,전문4급,1970-01-01 07:55:00,1970-01-01 17:15:00,1970-01-01 08:00:00,1970-01-01 17:00:00,,,
64.0,2026-04-18 00:00:00,토,휴일,제주지점 물류운영팀,2610392,jeju_22,전문4급,,,,,,,
65.0,2026-04-19 00:00:00,일,휴일,제주지점 물류운영팀,2610392,jeju_22,전문4급,,,,,,,
66.0,2026-04-20 00:00:00,월,평일,제주지점 물류운영팀,2610392,jeju_22,전문4급,1970-01-01 07:27:00,1970-01-01 17:10:00,1970-01-01 07:30:00,1970-01-01 16:30:00,,,
67.0,2026-04-21 00:00:00,화,평일,제주지점 물류운영팀,2610392,jeju_22,전문4급,1970-01-01 07:50:00,1970-01-01 17:08:00,1970-01-01 08:00:00,1970-01-01 17:00:00,,,
68.0,2026-04-22 00:00:00,수,평일,제주지점 물류운영팀,2610392,jeju_22,전문4급,1970-01-01 07:56:00,1970-01-01 17:10:00,1970-01-01 08:00:00,1970-01-01 17:00:00,,,
69.0,2026-04-23 00:00:00,목,평일,제주지점 물류운영팀,2610392,jeju_22,전문4급,1970-01-01 07:56:00,1970-01-01 17:10:00,1970-01-01 08:00:00,1970-01-01 17:00:00,,,
70.0,2026-04-24 00:00:00,금,평일,제주지점 물류운영팀,2610392,jeju_22,전문4급,1970-01-01 07:57:00,1970-01-01 17:05:00,1970-01-01 08:00:00,1970-01-01 17:00:00,,,
71.0,2026-04-25 00:00:00,토,휴일,제주지점 물류운영팀,2610392,jeju_22,전문4급,,,,,,,
72.0,2026-04-26 00:00:00,일,휴일,제주지점 물류운영팀,2610392,jeju_22,전문4급,,,,,,,
73.0,2026-04-27 00:00:00,월,평일,제주지점 물류운영팀,2610392,jeju_22,전문4급,1970-01-01 07:28:00,1970-01-01 17:10:00,1970-01-01 07:30:00,1970-01-01 16:30:00,,,
74.0,2026-04-28 00:00:00,화,평일,제주지점 물류운영팀,2610392,jeju_22,전문4급,1970-01-01 07:57:00,1970-01-01 17:10:00,1970-01-01 08:00:00,1970-01-01 17:00:00,,,
75.0,2026-04-29 00:00:00,수,평일,제주지점 물류운영팀,2610392,jeju_22,전문4급,1970-01-01 07:55:00,1970-01-01 17:43:00,1970-01-01 08:00:00,1970-01-01 17:00:00,,,
76.0,2026-04-30 00:00:00,목,평일,제주지점 물류운영팀,2610392,jeju_22,전문4급,1970-01-01 08:00:00,1970-01-01 17:02:00,1970-01-01 08:00:00,1970-01-01 17:00:00,,,
77.0,2026-04-01 00:00:00,수,평일,제주지점 물류운영팀,2220282,jeju_15,전문4급,1970-01-01 07:48:00,1970-01-01 17:20:00,1970-01-01 08:00:00,1970-01-01 17:30:00,,,
78.0,2026-04-02 00:00:00,목,평일,제주지점 물류운영팀,2220282,jeju_15,전문4급,1970-01-01 07:48:00,1970-01-01 17:20:00,1970-01-01 08:00:00,1970-01-01 17:30:00,,,
79.0,2026-04-03 00:00:00,금,평일,제주지점 물류운영팀,2220282,jeju_15,전문4급,1970-01-01 05:31:00,1970-01-01 17:19:00,1970-01-01 05:30:00,1970-01-01 17:30:00,,,
80.0,2026-04-04 00:00:00,토,평일,제주지점 물류운영팀,2220282,jeju_15,전문4급,1970-01-01 07:51:00,1970-01-01 16:48:00,1970-01-01 08:00:00,1970-01-01 17:00:00,,,
81.0,2026-04-05 00:00:00,일,휴일,제주지점 물류운영팀,2220282,jeju_15,전문4급,,,,,,,
82.0,2026-04-06 00:00:00,월,평일,제주지점 물류운영팀,2220282,jeju_15,전문4급,1970-01-01 07:21:00,1970-01-01 17:20:00,1970-01-01 08:00:00,1970-01-01 17:30:00,,,
83.0,2026-04-07 00:00:00,화,평일,제주지점 물류운영팀,2220282,jeju_15,전문4급,1970-01-01 07:51:00,1970-01-01 17:21:00,1970-01-01 08:00:00,1970-01-01 17:30:00,,,
84.0,2026-04-08 00:00:00,수,평일,제주지점 물류운영팀,2220282,jeju_15,전문4급,1970-01-01 07:45:00,1970-01-01 17:21:00,1970-01-01 08:00:00,1970-01-01 17:30:00,,,
85.0,2026-04-09 00:00:00,목,평일,제주지점 물류운영팀,2220282,jeju_15,전문4급,1970-01-01 07:51:00,1970-01-01 17:17:00,1970-01-01 08:00:00,1970-01-01 17:30:00,,,
86.0,2026-04-10 00:00:00,금,평일,제주지점 물류운영팀,2220282,jeju_15,전문4급,1970-01-01 05:31:00,1970-01-01 17:18:00,1970-01-01 05:30:00,1970-01-01 17:30:00,,,
87.0,2026-04-11 00:00:00,토,평일,제주지점 물류운영팀,2220282,jeju_15,전문4급,1970-01-01 07:47:00,1970-01-01 16:48:00,1970-01-01 08:00:00,1970-01-01 17:00:00,,,
88.0,2026-04-12 00:00:00,일,휴일,제주지점 물류운영팀,2220282,jeju_15,전문4급,,,,,,,
89.0,2026-04-13 00:00:00,월,평일,제주지점 물류운영팀,2220282,jeju_15,전문4급,1970-01-01 07:25:00,1970-01-01 17:17:00,1970-01-01 08:00:00,1970-01-01 17:30:00,,,
90.0,2026-04-14 00:00:00,화,평일,제주지점 물류운영팀,2220282,jeju_15,전문4급,1970-01-01 05:31:00,1970-01-01 17:19:00,1970-01-01 05:30:00,1970-01-01 17:30:00,,,
91.0,2026-04-15 00:00:00,수,평일,제주지점 물류운영팀,2220282,jeju_15,전문4급,1970-01-01 07:51:00,1970-01-01 15:50:00,1970-01-01 08:00:00,1970-01-01 17:00:00,,,
92.0,2026-04-16 00:00:00,목,평일,제주지점 물류운영팀,2220282,jeju_15,전문4급,1970-01-01 07:45:00,,,,전일교육,,
93.0,2026-04-17 00:00:00,금,평일,제주지점 물류운영팀,2220282,jeju_15,전문4급,,,,,전일교육,,
94.0,2026-04-18 00:00:00,토,평일,제주지점 물류운영팀,2220282,jeju_15,전문4급,,1970-01-01 16:49:00,1970-01-01 08:00:00,1970-01-01 17:00:00,,체크누락,08:00
95.0,2026-04-19 00:00:00,일,휴일,제주지점 물류운영팀,2220282,jeju_15,전문4급,1970-01-01 05:07:00,1970-01-01 17:47:00,1970-01-01 05:00:00,1970-01-01 18:00:00,,,
96.0,2026-04-20 00:00:00,월,평일,제주지점 물류운영팀,2220282,jeju_15,전문4급,1970-01-01 07:23:00,1970-01-01 17:22:00,1970-01-01 08:00:00,1970-01-01 17:30:00,,,
97.0,2026-04-21 00:00:00,화,평일,제주지점 물류운영팀,2220282,jeju_15,전문4급,1970-01-01 07:46:00,1970-01-01 17:21:00,1970-01-01 08:00:00,1970-01-01 17:30:00,,,
98.0,2026-04-22 00:00:00,수,평일,제주지점 물류운영팀,2220282,jeju_15,전문4급,1970-01-01 07:45:00,1970-01-01 17:10:00,1970-01-01 07:45:00,1970-01-01 16:45:00,,,
99.0,2026-04-23 00:00:00,목,평일,제주지점 물류운영팀,2220282,jeju_15,전문4급,1970-01-01 07:51:00,1970-01-01 17:49:00,1970-01-01 08:00:00,1970-01-01 18:00:00,,,
100.0,2026-04-24 00:00:00,금,평일,제주지점 물류운영팀,2220282,jeju_15,전문4급,1970-01-01 05:31:00,1970-01-01 17:19:00,1970-01-01 05:30:00,1970-01-01 17:30:00,,,
101.0,2026-04-25 00:00:00,토,평일,제주지점 물류운영팀,2220282,jeju_15,전문4급,1970-01-01 07:49:00,1970-01-01 17:01:00,1970-01-01 08:00:00,1970-01-01 17:00:00,,,
102.0,2026-04-26 00:00:00,일,휴일,제주지점 물류운영팀,2220282,jeju_15,전문4급,,,,,,,
103.0,2026-04-27 00:00:00,월,평일,제주지점 물류운영팀,2220282,jeju_15,전문4급,1970-01-01 07:25:00,1970-01-01 17:25:00,1970-01-01 08:00:00,1970-01-01 17:30:00,,,
104.0,2026-04-28 00:00:00,화,평일,제주지점 물류운영팀,2220282,jeju_15,전문4급,1970-01-01 05:31:00,1970-01-01 17:15:00,1970-01-01 05:30:00,1970-01-01 17:30:00,,,
105.0,2026-04-29 00:00:00,수,평일,제주지점 물류운영팀,2220282,jeju_15,전문4급,1970-01-01 07:46:00,1970-01-01 17:20:00,1970-01-01 08:00:00,1970-01-01 17:30:00,,,
106.0,2026-04-30 00:00:00,목,평일,제주지점 물류운영팀,2220282,jeju_15,전문4급,1970-01-01 07:48:00,1970-01-01 17:23:00,1970-01-01 08:00:00,1970-01-01 17:30:00,,,
107.0,2026-04-01 00:00:00,수,평일,제주지점 물류운영팀,1611584,jeju_7,전문4급,1970-01-01 07:53:00,,1970-01-01 08:00:00,1970-01-01 17:00:00,,체크누락,17:00
108.0,2026-04-02 00:00:00,목,평일,제주지점 물류운영팀,1611584,jeju_7,전문4급,1970-01-01 10:24:00,1970-01-01 20:48:00,1970-01-01 08:00:00,1970-01-01 17:00:00,,,
109.0,2026-04-03 00:00:00,금,평일,제주지점 물류운영팀,1611584,jeju_7,전문4급,1970-01-01 07:53:00,1970-01-01 17:44:00,1970-01-01 08:00:00,1970-01-01 17:00:00,,,
110.0,2026-04-04 00:00:00,토,휴일,제주지점 물류운영팀,1611584,jeju_7,전문4급,,,,,,,
111.0,2026-04-05 00:00:00,일,평일,제주지점 물류운영팀,1611584,jeju_7,전문4급,1970-01-01 08:42:00,1970-01-01 18:53:00,1970-01-01 08:45:00,1970-01-01 17:45:00,,,
112.0,2026-04-06 00:00:00,월,평일,제주지점 물류운영팀,1611584,jeju_7,전문4급,1970-01-01 07:30:00,1970-01-01 18:47:00,1970-01-01 07:30:00,1970-01-01 16:30:00,,,
113.0,2026-04-07 00:00:00,화,평일,제주지점 물류운영팀,1611584,jeju_7,전문4급,1970-01-01 07:56:00,1970-01-01 18:45:00,1970-01-01 08:00:00,1970-01-01 17:00:00,,,
114.0,2026-04-08 00:00:00,수,평일,제주지점 물류운영팀,1611584,jeju_7,전문4급,1970-01-01 07:52:00,1970-01-01 18:22:00,1970-01-01 08:00:00,1970-01-01 17:00:00,,,
115.0,2026-04-09 00:00:00,목,평일,제주지점 물류운영팀,1611584,jeju_7,전문4급,1970-01-01 07:52:00,1970-01-01 17:29:00,1970-01-01 08:00:00,1970-01-01 17:00:00,,,
116.0,2026-04-10 00:00:00,금,평일,제주지점 물류운영팀,1611584,jeju_7,전문4급,1970-01-01 07:56:00,1970-01-01 17:04:00,1970-01-01 08:00:00,1970-01-01 17:00:00,,,
117.0,2026-04-11 00:00:00,토,휴일,제주지점 물류운영팀,1611584,jeju_7,전문4급,,,,,,,
118.0,2026-04-12 00:00:00,일,휴일,제주지점 물류운영팀,1611584,jeju_7,전문4급,,,,,,,
119.0,2026-04-13 00:00:00,월,평일,제주지점 물류운영팀,1611584,jeju_7,전문4급,1970-01-01 07:29:00,1970-01-01 18:12:00,1970-01-01 07:30:00,1970-01-01 16:30:00,,,
120.0,2026-04-14 00:00:00,화,평일,제주지점 물류운영팀,1611584,jeju_7,전문4급,1970-01-01 07:54:00,1970-01-01 17:01:00,1970-01-01 08:00:00,1970-01-01 17:00:00,,,
121.0,2026-04-15 00:00:00,수,평일,제주지점 물류운영팀,1611584,jeju_7,전문4급,1970-01-01 07:53:00,1970-01-01 17:49:00,1970-01-01 08:00:00,1970-01-01 17:00:00,,,
122.0,2026-04-16 00:00:00,목,평일,제주지점 물류운영팀,1611584,jeju_7,전문4급,,,,,연차,,
123.0,2026-04-17 00:00:00,금,평일,제주지점 물류운영팀,1611584,jeju_7,전문4급,1970-01-01 07:50:00,1970-01-01 17:33:00,1970-01-01 08:00:00,1970-01-01 17:00:00,,,
124.0,2026-04-18 00:00:00,토,휴일,제주지점 물류운영팀,1611584,jeju_7,전문4급,,,,,,,
125.0,2026-04-19 00:00:00,일,휴일,제주지점 물류운영팀,1611584,jeju_7,전문4급,,,,,,,
126.0,2026-04-20 00:00:00,월,평일,제주지점 물류운영팀,1611584,jeju_7,전문4급,1970-01-01 07:23:00,1970-01-01 18:16:00,1970-01-01 07:30:00,1970-01-01 16:30:00,,,
127.0,2026-04-21 00:00:00,화,평일,제주지점 물류운영팀,1611584,jeju_7,전문4급,1970-01-01 07:56:00,1970-01-01 17:20:00,1970-01-01 08:00:00,1970-01-01 17:00:00,,,
128.0,2026-04-22 00:00:00,수,평일,제주지점 물류운영팀,1611584,jeju_7,전문4급,1970-01-01 07:58:00,1970-01-01 17:55:00,1970-01-01 08:00:00,1970-01-01 17:00:00,,,
129.0,2026-04-23 00:00:00,목,평일,제주지점 물류운영팀,1611584,jeju_7,전문4급,1970-01-01 07:58:00,1970-01-01 18:04:00,1970-01-01 08:00:00,1970-01-01 17:00:00,,,
130.0,2026-04-24 00:00:00,금,평일,제주지점 물류운영팀,1611584,jeju_7,전문4급,1970-01-01 07:48:00,1970-01-01 17:07:00,1970-01-01 08:00:00,1970-01-01 17:00:00,,,
131.0,2026-04-25 00:00:00,토,휴일,제주지점 물류운영팀,1611584,jeju_7,전문4급,,,,,,,
132.0,2026-04-26 00:00:00,일,휴일,제주지점 물류운영팀,1611584,jeju_7,전문4급,,,,,,,
133.0,2026-04-27 00:00:00,월,평일,제주지점 물류운영팀,1611584,jeju_7,전문4급,1970-01-01 07:27:00,1970-01-01 17:27:00,1970-01-01 07:30:00,1970-01-01 16:30:00,,,
134.0,2026-04-28 00:00:00,화,평일,제주지점 물류운영팀,1611584,jeju_7,전문4급,1970-01-01 07:55:00,1970-01-01 18:36:00,1970-01-01 08:00:00,1970-01-01 17:00:00,,,
135.0,2026-04-29 00:00:00,수,평일,제주지점 물류운영팀,1611584,jeju_7,전문4급,1970-01-01 07:53:00,1970-01-01 17:46:00,1970-01-01 08:00:00,1970-01-01 17:00:00,,,
136.0,2026-04-30 00:00:00,목,평일,제주지점 물류운영팀,1611584,jeju_7,전문4급,1970-01-01 07:51:00,1970-01-01 17:32:00,1970-01-01 08:00:00,1970-01-01 17:00:00,,,
137.0,2026-04-01 00:00:00,수,평일,제주지점 물류운영팀,2610392,jeju_22,전문4급,1970-01-01 07:57:00,1970-01-01 21:03:00,1970-01-01 08:00:00,1970-01-01 17:00:00,,,
138.0,2026-04-02 00:00:00,목,평일,제주지점 물류운영팀,2610392,jeju_22,전문4급,1970-01-01 07:53:00,1970-01-01 18:38:00,1970-01-01 08:00:00,1970-01-01 17:00:00,,,
139.0,2026-04-03 00:00:00,금,평일,제주지점 물류운영팀,2610392,jeju_22,전문4급,1970-01-01 07:49:00,1970-01-01 17:40:00,1970-01-01 08:00:00,1970-01-01 17:00:00,,,
140.0,2026-04-04 00:00:00,토,휴일,제주지점 물류운영팀,2610392,jeju_22,전문4급,,,,,,,
141.0,2026-04-05 00:00:00,일,휴일,제주지점 물류운영팀,2610392,jeju_22,전문4급,,,,,,,
142.0,2026-04-06 00:00:00,월,평일,제주지점 물류운영팀,2610392,jeju_22,전문4급,1970-01-01 07:29:00,1970-01-01 17:10:00,1970-01-01 07:30:00,1970-01-01 16:30:00,,,
143.0,2026-04-07 00:00:00,화,평일,제주지점 물류운영팀,2610392,jeju_22,전문4급,1970-01-01 07:55:00,,1970-01-01 08:00:00,1970-01-01 17:00:00,,체크누락,17:00
144.0,2026-04-08 00:00:00,수,평일,제주지점 물류운영팀,2610392,jeju_22,전문4급,1970-01-01 07:53:00,1970-01-01 17:10:00,1970-01-01 08:00:00,1970-01-01 17:00:00,,,
145.0,2026-04-09 00:00:00,목,평일,제주지점 물류운영팀,2610392,jeju_22,전문4급,1970-01-01 07:55:00,1970-01-01 17:10:00,1970-01-01 08:00:00,1970-01-01 17:00:00,,,
146.0,2026-04-10 00:00:00,금,평일,제주지점 물류운영팀,2610392,jeju_22,전문4급,1970-01-01 07:56:00,1970-01-01 17:08:00,1970-01-01 08:00:00,1970-01-01 17:00:00,,,
147.0,2026-04-11 00:00:00,토,휴일,제주지점 물류운영팀,2610392,jeju_22,전문4급,,,,,,,
148.0,2026-04-12 00:00:00,일,휴일,제주지점 물류운영팀,2610392,jeju_22,전문4급,,,,,,,
149.0,2026-04-13 00:00:00,월,평일,제주지점 물류운영팀,2610392,jeju_22,전문4급,1970-01-01 07:31:00,1970-01-01 17:02:00,1970-01-01 07:45:00,1970-01-01 16:45:00,,,
150.0,2026-04-14 00:00:00,화,평일,제주지점 물류운영팀,2610392,jeju_22,전문4급,1970-01-01 07:49:00,1970-01-01 17:00:00,1970-01-01 08:00:00,1970-01-01 17:00:00,,,
151.0,2026-04-15 00:00:00,수,평일,제주지점 물류운영팀,2610473,jeju_23,전문5급,1970-01-01 07:49:00,1970-01-01 18:07:00,1970-01-01 08:00:00,1970-01-01 17:00:00,,,
152.0,2026-04-16 00:00:00,목,평일,제주지점 물류운영팀,2610473,jeju_23,전문5급,1970-01-01 07:49:00,1970-01-01 17:42:00,1970-01-01 08:00:00,1970-01-01 17:00:00,,,
153.0,2026-04-17 00:00:00,금,평일,제주지점 물류운영팀,2610473,jeju_23,전문5급,1970-01-01 07:50:00,1970-01-01 18:00:00,1970-01-01 08:00:00,1970-01-01 17:00:00,,,
154.0,2026-04-18 00:00:00,토,휴일,제주지점 물류운영팀,2610473,jeju_23,전문5급,,,,,,,
155.0,2026-04-19 00:00:00,일,휴일,제주지점 물류운영팀,2610473,jeju_23,전문5급,,,,,,,
156.0,2026-04-20 00:00:00,월,평일,제주지점 물류운영팀,2610473,jeju_23,전문5급,1970-01-01 07:19:00,1970-01-01 17:10:00,1970-01-01 07:30:00,1970-01-01 16:30:00,,,
157.0,2026-04-21 00:00:00,화,평일,제주지점 물류운영팀,2610473,jeju_23,전문5급,1970-01-01 07:38:00,1970-01-01 17:26:00,1970-01-01 07:45:00,1970-01-01 16:45:00,,,
158.0,2026-04-22 00:00:00,수,평일,제주지점 물류운영팀,2610473,jeju_23,전문5급,1970-01-01 07:50:00,1970-01-01 17:10:00,1970-01-01 08:00:00,1970-01-01 17:00:00,,,
159.0,2026-04-23 00:00:00,목,평일,제주지점 물류운영팀,2610473,jeju_23,전문5급,1970-01-01 07:42:00,1970-01-01 17:10:00,1970-01-01 07:45:00,1970-01-01 16:45:00,,,
160.0,2026-04-24 00:00:00,금,평일,제주지점 물류운영팀,2610473,jeju_23,전문5급,1970-01-01 07:49:00,1970-01-01 17:09:00,1970-01-01 08:00:00,1970-01-01 17:00:00,,,
161.0,2026-04-25 00:00:00,토,휴일,제주지점 물류운영팀,2610473,jeju_23,전문5급,,,,,,,
162.0,2026-04-26 00:00:00,일,휴일,제주지점 물류운영팀,2610473,jeju_23,전문5급,,,,,,,
163.0,2026-04-27 00:00:00,월,평일,제주지점 물류운영팀,2610473,jeju_23,전문5급,,,,,경조,,
164.0,2026-04-28 00:00:00,화,평일,제주지점 물류운영팀,2610473,jeju_23,전문5급,,,,,경조,,
165.0,2026-04-29 00:00:00,수,평일,제주지점 물류운영팀,2610473,jeju_23,전문5급,,,,,경조,,
166.0,2026-04-30 00:00:00,목,평일,제주지점 물류운영팀,2610473,jeju_23,전문5급,,,,,경조,,
167.0,2026-04-01 00:00:00,수,평일,제주지점 물류운영팀,2211053,jeju_11,전문5급,1970-01-01 07:52:00,1970-01-01 18:20:00,1970-01-01 08:00:00,1970-01-01 18:30:00,,,
168.0,2026-04-02 00:00:00,목,평일,제주지점 물류운영팀,2211053,jeju_11,전문5급,1970-01-01 07:52:00,1970-01-01 19:02:00,1970-01-01 08:00:00,1970-01-01 19:00:00,,,
169.0,2026-04-03 00:00:00,금,평일,제주지점 물류운영팀,2211053,jeju_11,전문5급,1970-01-01 07:56:00,1970-01-01 18:24:00,1970-01-01 08:00:00,1970-01-01 18:30:00,,,
170.0,2026-04-04 00:00:00,토,휴일,제주지점 물류운영팀,2211053,jeju_11,전문5급,1970-01-01 05:42:00,1970-01-01 19:47:00,1970-01-01 05:30:00,1970-01-01 20:00:00,,,
171.0,2026-04-05 00:00:00,일,휴일,제주지점 물류운영팀,2211053,jeju_11,전문5급,,,,,,,
172.0,2026-04-06 00:00:00,월,평일,제주지점 물류운영팀,2211053,jeju_11,전문5급,,,,,연차,,
173.0,2026-04-07 00:00:00,화,평일,제주지점 물류운영팀,2211053,jeju_11,전문5급,1970-01-01 07:57:00,1970-01-01 18:46:00,1970-01-01 08:00:00,1970-01-01 19:00:00,,,
174.0,2026-04-08 00:00:00,수,평일,제주지점 물류운영팀,2211053,jeju_11,전문5급,1970-01-01 06:11:00,1970-01-01 18:46:00,1970-01-01 06:00:00,1970-01-01 19:00:00,,,
175.0,2026-04-09 00:00:00,목,평일,제주지점 물류운영팀,2211053,jeju_11,전문5급,1970-01-01 07:52:00,1970-01-01 18:53:00,1970-01-01 08:00:00,1970-01-01 19:00:00,,,
176.0,2026-04-10 00:00:00,금,평일,제주지점 물류운영팀,2211053,jeju_11,전문5급,1970-01-01 07:53:00,1970-01-01 18:16:00,1970-01-01 08:00:00,1970-01-01 18:30:00,,,
177.0,2026-04-11 00:00:00,토,평일,제주지점 물류운영팀,2211053,jeju_11,전문5급,1970-01-01 07:48:00,1970-01-01 18:19:00,1970-01-01 08:00:00,1970-01-01 18:30:00,,,
178.0,2026-04-12 00:00:00,일,휴일,제주지점 물류운영팀,2211053,jeju_11,전문5급,1970-01-01 05:00:00,1970-01-01 17:46:00,1970-01-01 05:00:00,1970-01-01 18:00:00,,,
179.0,2026-04-13 00:00:00,월,평일,제주지점 물류운영팀,2211053,jeju_11,전문5급,1970-01-01 07:24:00,1970-01-01 18:48:00,1970-01-01 08:00:00,1970-01-01 19:00:00,,,
180.0,2026-04-14 00:00:00,화,평일,제주지점 물류운영팀,2211053,jeju_11,전문5급,1970-01-01 07:57:00,1970-01-01 18:18:00,1970-01-01 08:00:00,1970-01-01 18:30:00,,,
181.0,2026-04-15 00:00:00,수,평일,제주지점 물류운영팀,2211053,jeju_11,전문5급,1970-01-01 07:53:00,1970-01-01 19:16:00,1970-01-01 08:00:00,1970-01-01 19:30:00,,,
182.0,2026-04-16 00:00:00,목,평일,제주지점 물류운영팀,2211053,jeju_11,전문5급,1970-01-01 05:57:00,1970-01-01 18:53:00,1970-01-01 06:00:00,1970-01-01 19:00:00,,,
183.0,2026-04-17 00:00:00,금,평일,제주지점 물류운영팀,2211053,jeju_11,전문5급,1970-01-01 07:58:00,,1970-01-01 08:00:00,1970-01-01 19:00:00,,체크누락,19:00
184.0,2026-04-18 00:00:00,토,휴일,제주지점 물류운영팀,2211053,jeju_11,전문5급,,,,,,,
185.0,2026-04-19 00:00:00,일,휴일,제주지점 물류운영팀,2211053,jeju_11,전문5급,,,,,,,
186.0,2026-04-20 00:00:00,월,평일,제주지점 물류운영팀,2211053,jeju_11,전문5급,,,,,연차,,
187.0,2026-04-21 00:00:00,화,평일,제주지점 물류운영팀,2211053,jeju_11,전문5급,1970-01-01 07:53:00,1970-01-01 19:46:00,1970-01-01 08:00:00,1970-01-01 20:00:00,,,
188.0,2026-04-22 00:00:00,수,평일,제주지점 물류운영팀,2211053,jeju_11,전문5급,1970-01-01 07:49:00,1970-01-01 19:21:00,1970-01-01 08:00:00,1970-01-01 19:30:00,,,
189.0,2026-04-23 00:00:00,목,평일,제주지점 물류운영팀,2211053,jeju_11,전문5급,1970-01-01 06:02:00,1970-01-01 18:48:00,1970-01-01 06:00:00,1970-01-01 19:00:00,,,
190.0,2026-04-24 00:00:00,금,평일,제주지점 물류운영팀,2211053,jeju_11,전문5급,1970-01-01 07:53:00,1970-01-01 18:47:00,1970-01-01 08:00:00,1970-01-01 19:00:00,,,
191.0,2026-04-25 00:00:00,토,평일,제주지점 물류운영팀,2211053,jeju_11,전문5급,1970-01-01 07:48:00,1970-01-01 16:53:00,1970-01-01 08:00:00,1970-01-01 17:00:00,,,
192.0,2026-04-26 00:00:00,일,휴일,제주지점 물류운영팀,2211053,jeju_11,전문5급,,,,,,,
193.0,2026-04-27 00:00:00,월,평일,제주지점 물류운영팀,2211053,jeju_11,전문5급,1970-01-01 07:25:00,1970-01-01 18:27:00,1970-01-01 07:30:00,1970-01-01 18:30:00,,,
194.0,2026-04-28 00:00:00,화,평일,제주지점 물류운영팀,2211053,jeju_11,전문5급,1970-01-01 07:50:00,1970-01-01 18:46:00,1970-01-01 08:00:00,1970-01-01 19:00:00,,,
195.0,2026-04-29 00:00:00,수,평일,제주지점 물류운영팀,2211053,jeju_11,전문5급,1970-01-01 07:53:00,1970-01-01 19:51:00,1970-01-01 08:00:00,1970-01-01 20:00:00,,,
196.0,2026-04-30 00:00:00,목,평일,제주지점 물류운영팀,2211053,jeju_11,전문5급,1970-01-01 06:04:00,1970-01-01 18:47:00,1970-01-01 06:00:00,1970-01-01 19:00:00,,,
197.0,2026-04-01 00:00:00,수,평일,제주지점 물류운영팀,2311072,jeju_17,전문5급,1970-01-01 05:23:00,1970-01-01 17:16:00,1970-01-01 05:30:00,1970-01-01 17:30:00,,,
198.0,2026-04-02 00:00:00,목,평일,제주지점 물류운영팀,2311072,jeju_17,전문5급,1970-01-01 05:32:00,1970-01-01 17:04:00,1970-01-01 05:30:00,1970-01-01 17:00:00,,,
199.0,2026-04-03 00:00:00,금,평일,제주지점 물류운영팀,2311072,jeju_17,전문5급,1970-01-01 07:48:00,1970-01-01 17:18:00,1970-01-01 08:00:00,1970-01-01 17:30:00,,,
200.0,2026-04-04 00:00:00,토,평일,제주지점 물류운영팀,2311072,jeju_17,전문5급,1970-01-01 07:52:00,1970-01-01 16:48:00,1970-01-01 08:00:00,1970-01-01 17:00:00,,,
201.0,2026-04-05 00:00:00,일,휴일,제주지점 물류운영팀,2311072,jeju_17,전문5급,,,,,,,
202.0,2026-04-06 00:00:00,월,평일,제주지점 물류운영팀,2311072,jeju_17,전문5급,1970-01-01 07:01:00,1970-01-01 18:04:00,1970-01-01 08:00:00,1970-01-01 18:00:00,,,
203.0,2026-04-07 00:00:00,화,평일,제주지점 물류운영팀,2311072,jeju_17,전문5급,1970-01-01 05:26:00,1970-01-01 17:17:00,1970-01-01 05:30:00,1970-01-01 17:30:00,,,
204.0,2026-04-08 00:00:00,수,평일,제주지점 물류운영팀,2311072,jeju_17,전문5급,1970-01-01 07:58:00,1970-01-01 17:17:00,1970-01-01 08:00:00,1970-01-01 17:30:00,,,
205.0,2026-04-09 00:00:00,목,평일,제주지점 물류운영팀,2311072,jeju_17,전문5급,1970-01-01 05:36:00,1970-01-01 17:00:00,1970-01-01 05:30:00,1970-01-01 17:00:00,,,
206.0,2026-04-10 00:00:00,금,평일,제주지점 물류운영팀,2311072,jeju_17,전문5급,,,,,연차,,
207.0,2026-04-11 00:00:00,토,평일,제주지점 물류운영팀,2311072,jeju_17,전문5급,1970-01-01 07:47:00,1970-01-01 16:47:00,1970-01-01 08:00:00,1970-01-01 17:00:00,,,
208.0,2026-04-12 00:00:00,일,휴일,제주지점 물류운영팀,2311072,jeju_17,전문5급,,,,,,,
209.0,2026-04-13 00:00:00,월,평일,제주지점 물류운영팀,2311072,jeju_17,전문5급,1970-01-01 07:26:00,1970-01-01 17:18:00,1970-01-01 08:00:00,1970-01-01 17:30:00,,,
210.0,2026-04-14 00:00:00,화,평일,제주지점 물류운영팀,2311072,jeju_17,전문5급,1970-01-01 07:50:00,1970-01-01 17:23:00,1970-01-01 08:00:00,1970-01-01 17:30:00,,,
211.0,2026-04-15 00:00:00,수,평일,제주지점 물류운영팀,2311072,jeju_17,전문5급,1970-01-01 05:28:00,1970-01-01 17:50:00,1970-01-01 05:30:00,1970-01-01 18:00:00,,,
212.0,2026-04-16 00:00:00,목,평일,제주지점 물류운영팀,2311072,jeju_17,전문5급,1970-01-01 07:41:00,1970-01-01 17:54:00,1970-01-01 08:00:00,1970-01-01 18:00:00,,,
213.0,2026-04-17 00:00:00,금,평일,제주지점 물류운영팀,2311072,jeju_17,전문5급,1970-01-01 05:25:00,1970-01-01 17:17:00,1970-01-01 05:30:00,1970-01-01 17:30:00,,,
214.0,2026-04-18 00:00:00,토,평일,제주지점 물류운영팀,2311072,jeju_17,전문5급,1970-01-01 07:46:00,1970-01-01 16:47:00,1970-01-01 08:00:00,1970-01-01 17:00:00,,,
215.0,2026-04-19 00:00:00,일,휴일,제주지점 물류운영팀,2311072,jeju_17,전문5급,,,,,,,
216.0,2026-04-20 00:00:00,월,평일,제주지점 물류운영팀,2311072,jeju_17,전문5급,1970-01-01 07:23:00,1970-01-01 17:21:00,1970-01-01 08:00:00,1970-01-01 17:30:00,,,
217.0,2026-04-21 00:00:00,화,평일,제주지점 물류운영팀,2311072,jeju_17,전문5급,1970-01-01 05:28:00,1970-01-01 17:16:00,1970-01-01 05:30:00,1970-01-01 17:30:00,,,
218.0,2026-04-22 00:00:00,수,평일,제주지점 물류운영팀,2311072,jeju_17,전문5급,1970-01-01 05:31:00,1970-01-01 17:00:00,1970-01-01 05:30:00,1970-01-01 17:00:00,,,
219.0,2026-04-23 00:00:00,목,평일,제주지점 물류운영팀,2311072,jeju_17,전문5급,1970-01-01 07:44:00,1970-01-01 17:03:00,1970-01-01 07:45:00,1970-01-01 16:45:00,,,
220.0,2026-04-24 00:00:00,금,평일,제주지점 물류운영팀,2311072,jeju_17,전문5급,,,,,연차,,
221.0,2026-04-25 00:00:00,토,평일,제주지점 물류운영팀,2311072,jeju_17,전문5급,1970-01-01 07:52:00,1970-01-01 17:02:00,1970-01-01 08:00:00,1970-01-01 17:00:00,,,
222.0,2026-04-26 00:00:00,일,휴일,제주지점 물류운영팀,2311072,jeju_17,전문5급,1970-01-01 05:33:00,1970-01-01 18:06:00,1970-01-01 05:30:00,1970-01-01 18:00:00,,,
223.0,2026-04-27 00:00:00,월,평일,제주지점 물류운영팀,2311072,jeju_17,전문5급,1970-01-01 07:12:00,,1970-01-01 08:00:00,1970-01-01 18:30:00,,체크누락,18:30
224.0,2026-04-28 00:00:00,화,평일,제주지점 물류운영팀,2311072,jeju_17,전문5급,1970-01-01 07:34:00,1970-01-01 19:54:00,1970-01-01 08:00:00,1970-01-01 20:00:00,,,
225.0,2026-04-29 00:00:00,수,평일,제주지점 물류운영팀,2311072,jeju_17,전문5급,1970-01-01 05:26:00,1970-01-01 18:50:00,1970-01-01 05:30:00,1970-01-01 19:00:00,,,
226.0,2026-04-30 00:00:00,목,평일,제주지점 물류운영팀,2311072,jeju_17,전문5급,1970-01-01 07:52:00,,1970-01-01 08:00:00,1970-01-01 19:00:00,,체크누락,19:00
227.0,2026-04-01 00:00:00,수,평일,제주지점 물류운영팀,2411334,jeju_18,전문5급,1970-01-01 07:49:00,1970-01-01 17:15:00,1970-01-01 08:00:00,1970-01-01 17:00:00,,,
228.0,2026-04-02 00:00:00,목,평일,제주지점 물류운영팀,2411334,jeju_18,전문5급,1970-01-01 07:49:00,1970-01-01 17:36:00,1970-01-01 08:00:00,1970-01-01 17:00:00,,,
229.0,2026-04-03 00:00:00,금,평일,제주지점 물류운영팀,2411334,jeju_18,전문5급,1970-01-01 07:50:00,1970-01-01 17:09:00,1970-01-01 08:00:00,1970-01-01 17:00:00,,,
230.0,2026-04-04 00:00:00,토,휴일,제주지점 물류운영팀,2411334,jeju_18,전문5급,,,,,,,
231.0,2026-04-05 00:00:00,일,휴일,제주지점 물류운영팀,2411334,jeju_18,전문5급,,,,,,,
232.0,2026-04-06 00:00:00,월,평일,제주지점 물류운영팀,2411334,jeju_18,전문5급,1970-01-01 07:30:00,1970-01-01 17:18:00,1970-01-01 07:30:00,1970-01-01 16:30:00,,,
233.0,2026-04-07 00:00:00,화,평일,제주지점 물류운영팀,2411334,jeju_18,전문5급,1970-01-01 07:49:00,,1970-01-01 08:00:00,1970-01-01 17:00:00,,체크누락,17:00
234.0,2026-04-08 00:00:00,수,평일,제주지점 물류운영팀,2411334,jeju_18,전문5급,1970-01-01 10:02:00,,1970-01-01 08:00:00,1970-01-01 17:00:00,,체크누락,출장
235.0,2026-04-09 00:00:00,목,평일,제주지점 물류운영팀,2411334,jeju_18,전문5급,1970-01-01 08:50:00,1970-01-01 15:56:00,1970-01-01 09:00:00,1970-01-01 18:00:00,,,
236.0,2026-04-10 00:00:00,금,평일,제주지점 물류운영팀,2411334,jeju_18,전문5급,,,,,연차,,
237.0,2026-04-11 00:00:00,토,휴일,제주지점 물류운영팀,2411334,jeju_18,전문5급,,,,,,,
238.0,2026-04-12 00:00:00,일,휴일,제주지점 물류운영팀,2411334,jeju_18,전문5급,,,,,,,
239.0,2026-04-13 00:00:00,월,평일,제주지점 물류운영팀,2411334,jeju_18,전문5급,1970-01-01 07:29:00,1970-01-01 17:08:00,1970-01-01 07:30:00,1970-01-01 16:30:00,,,
240.0,2026-04-14 00:00:00,화,평일,제주지점 물류운영팀,2411334,jeju_18,전문5급,1970-01-01 07:48:00,1970-01-01 17:14:00,1970-01-01 08:00:00,1970-01-01 17:00:00,,,
241.0,2026-04-15 00:00:00,수,평일,제주지점 물류운영팀,2411334,jeju_18,전문5급,1970-01-01 07:48:00,1970-01-01 17:08:00,1970-01-01 08:00:00,1970-01-01 17:00:00,,,
242.0,2026-04-16 00:00:00,목,평일,제주지점 물류운영팀,2411334,jeju_18,전문5급,1970-01-01 07:50:00,,1970-01-01 08:00:00,1970-01-01 17:00:00,,체크누락,17:00
243.0,2026-04-17 00:00:00,금,평일,제주지점 물류운영팀,2411334,jeju_18,전문5급,1970-01-01 07:48:00,1970-01-01 17:02:00,1970-01-01 08:00:00,1970-01-01 17:00:00,,,
244.0,2026-04-18 00:00:00,토,휴일,제주지점 물류운영팀,2411334,jeju_18,전문5급,,,,,,,
245.0,2026-04-19 00:00:00,일,휴일,제주지점 물류운영팀,2411334,jeju_18,전문5급,,,,,,,
246.0,2026-04-20 00:00:00,월,평일,제주지점 물류운영팀,2411334,jeju_18,전문5급,1970-01-01 07:30:00,1970-01-01 17:21:00,1970-01-01 07:30:00,1970-01-01 16:30:00,,,
247.0,2026-04-21 00:00:00,화,평일,제주지점 물류운영팀,2411334,jeju_18,전문5급,1970-01-01 07:46:00,1970-01-01 17:08:00,1970-01-01 08:00:00,1970-01-01 17:00:00,,,
248.0,2026-04-22 00:00:00,수,평일,제주지점 물류운영팀,2411334,jeju_18,전문5급,1970-01-01 07:49:00,1970-01-01 17:14:00,1970-01-01 08:00:00,1970-01-01 17:00:00,,,
249.0,2026-04-23 00:00:00,목,평일,제주지점 물류운영팀,2411334,jeju_18,전문5급,1970-01-01 07:52:00,1970-01-01 17:19:00,1970-01-01 08:00:00,1970-01-01 17:00:00,,,
250.0,2026-04-24 00:00:00,금,평일,제주지점 물류운영팀,2411334,jeju_18,전문5급,1970-01-01 07:50:00,1970-01-01 17:09:00,1970-01-01 08:00:00,1970-01-01 17:00:00,,,
251.0,2026-04-25 00:00:00,토,휴일,제주지점 물류운영팀,2411334,jeju_18,전문5급,,,,,,,
252.0,2026-04-26 00:00:00,일,휴일,제주지점 물류운영팀,2411334,jeju_18,전문5급,,,,,,,
253.0,2026-04-27 00:00:00,월,평일,제주지점 물류운영팀,2411334,jeju_18,전문5급,1970-01-01 07:30:00,1970-01-01 17:06:00,1970-01-01 07:30:00,1970-01-01 16:30:00,,,
254.0,2026-04-28 00:00:00,화,평일,제주지점 물류운영팀,2411334,jeju_18,전문5급,1970-01-01 07:51:00,1970-01-01 17:12:00,1970-01-01 08:00:00,1970-01-01 17:00:00,,,
255.0,2026-04-29 00:00:00,수,평일,제주지점 물류운영팀,2411334,jeju_18,전문5급,1970-01-01 07:51:00,1970-01-01 17:48:00,1970-01-01 08:00:00,1970-01-01 17:00:00,,,
256.0,2026-04-30 00:00:00,목,평일,제주지점 물류운영팀,2411334,jeju_18,전문5급,,1970-01-01 17:36:00,1970-01-01 08:00:00,1970-01-01 17:00:00,,체크누락,08:00
257.0,2026-04-06 00:00:00,월,평일,제주지점 물류운영팀,2610473,jeju_23,전문5급,,1970-01-01 17:11:00,1970-01-01 08:00:00,1970-01-01 17:00:00,,체크누락,08:00
258.0,2026-04-07 00:00:00,화,평일,제주지점 물류운영팀,2610473,jeju_23,전문5급,1970-01-01 07:40:00,,1970-01-01 08:00:00,1970-01-01 17:00:00,,체크누락,17:00
259.0,2026-04-08 00:00:00,수,평일,제주지점 물류운영팀,2610473,jeju_23,전문5급,1970-01-01 07:43:00,1970-01-01 18:22:00,1970-01-01 08:00:00,1970-01-01 17:00:00,,,
260.0,2026-04-09 00:00:00,목,평일,제주지점 물류운영팀,2610473,jeju_23,전문5급,1970-01-01 07:49:00,1970-01-01 17:26:00,1970-01-01 08:00:00,1970-01-01 17:00:00,,,
261.0,2026-04-10 00:00:00,금,평일,제주지점 물류운영팀,2610473,jeju_23,전문5급,1970-01-01 07:48:00,1970-01-01 17:09:00,1970-01-01 08:00:00,1970-01-01 17:00:00,,,
262.0,2026-04-11 00:00:00,토,휴일,제주지점 물류운영팀,2610473,jeju_23,전문5급,,,,,,,
263.0,2026-04-12 00:00:00,일,휴일,제주지점 물류운영팀,2610473,jeju_23,전문5급,,,,,,,
264.0,2026-04-13 00:00:00,월,평일,제주지점 물류운영팀,2610473,jeju_23,전문5급,1970-01-01 07:10:00,1970-01-01 17:04:00,1970-01-01 07:15:00,1970-01-01 16:15:00,,,
265.0,2026-04-14 00:00:00,화,평일,제주지점 물류운영팀,2610473,jeju_23,전문5급,1970-01-01 07:51:00,1970-01-01 17:18:00,1970-01-01 08:00:00,1970-01-01 17:00:00,,,
266.0,2026-04-01 00:00:00,수,평일,제주지점 물류운영팀,0610120,jeju_2,항만운영2급,1970-01-01 05:45:00,1970-01-01 20:19:00,1970-01-01 08:00:00,1970-01-01 17:00:00,,,
267.0,2026-04-02 00:00:00,목,평일,제주지점 물류운영팀,0610120,jeju_2,항만운영2급,1970-01-01 07:43:00,1970-01-01 20:26:00,1970-01-01 07:45:00,1970-01-01 16:45:00,,,
268.0,2026-04-03 00:00:00,금,평일,제주지점 물류운영팀,0610120,jeju_2,항만운영2급,1970-01-01 07:32:00,1970-01-01 18:48:00,1970-01-01 07:45:00,1970-01-01 16:45:00,,,
269.0,2026-04-04 00:00:00,토,휴일,제주지점 물류운영팀,0610120,jeju_2,항만운영2급,1970-01-01 06:26:00,1970-01-01 18:20:00,,,,,
270.0,2026-04-05 00:00:00,일,휴일,제주지점 물류운영팀,0610120,jeju_2,항만운영2급,,,,,,,
271.0,2026-04-06 00:00:00,월,평일,제주지점 물류운영팀,0610120,jeju_2,항만운영2급,1970-01-01 04:36:00,1970-01-01 19:25:00,1970-01-01 08:00:00,1970-01-01 17:00:00,,,
272.0,2026-04-07 00:00:00,화,평일,제주지점 물류운영팀,0610120,jeju_2,항만운영2급,1970-01-01 07:43:00,,1970-01-01 07:45:00,1970-01-01 16:45:00,,체크누락,19:00 퇴근
273.0,2026-04-08 00:00:00,수,평일,제주지점 물류운영팀,0610120,jeju_2,항만운영2급,1970-01-01 05:18:00,,1970-01-01 08:00:00,1970-01-01 17:00:00,,체크누락,19:30 퇴근
274.0,2026-04-09 00:00:00,목,평일,제주지점 물류운영팀,0610120,jeju_2,항만운영2급,1970-01-01 06:44:00,1970-01-01 19:17:00,1970-01-01 08:00:00,1970-01-01 17:00:00,,,
275.0,2026-04-10 00:00:00,금,평일,제주지점 물류운영팀,0610120,jeju_2,항만운영2급,1970-01-01 08:01:00,1970-01-01 18:18:00,1970-01-01 08:15:00,1970-01-01 17:15:00,,,
276.0,2026-04-11 00:00:00,토,휴일,제주지점 물류운영팀,0610120,jeju_2,항만운영2급,1970-01-01 05:21:00,1970-01-01 17:49:00,,,,,
277.0,2026-04-12 00:00:00,일,휴일,제주지점 물류운영팀,0610120,jeju_2,항만운영2급,1970-01-01 05:47:00,1970-01-01 17:08:00,,,,,
278.0,2026-04-13 00:00:00,월,평일,제주지점 물류운영팀,0610120,jeju_2,항만운영2급,1970-01-01 07:26:00,1970-01-01 18:13:00,1970-01-01 07:30:00,1970-01-01 16:30:00,,,
279.0,2026-04-14 00:00:00,화,평일,제주지점 물류운영팀,0610120,jeju_2,항만운영2급,1970-01-01 06:00:00,,1970-01-01 08:00:00,1970-01-01 17:00:00,,체크누락,18:30 퇴근
280.0,2026-04-15 00:00:00,수,평일,제주지점 물류운영팀,0610120,jeju_2,항만운영2급,1970-01-01 05:52:00,1970-01-01 18:31:00,1970-01-01 08:00:00,1970-01-01 17:00:00,,,
281.0,2026-04-16 00:00:00,목,평일,제주지점 물류운영팀,0610120,jeju_2,항만운영2급,1970-01-01 07:46:00,1970-01-01 18:50:00,1970-01-01 08:00:00,1970-01-01 17:00:00,,,
282.0,2026-04-17 00:00:00,금,평일,제주지점 물류운영팀,0610120,jeju_2,항만운영2급,1970-01-01 05:51:00,1970-01-01 20:20:00,1970-01-01 08:00:00,1970-01-01 17:00:00,,,
283.0,2026-04-18 00:00:00,토,평일,제주지점 물류운영팀,0610120,jeju_2,항만운영2급,1970-01-01 07:49:00,1970-01-01 17:29:00,1970-01-01 08:00:00,1970-01-01 17:00:00,,,
284.0,2026-04-19 00:00:00,일,휴일,제주지점 물류운영팀,0610120,jeju_2,항만운영2급,,,,,,,
285.0,2026-04-20 00:00:00,월,평일,제주지점 물류운영팀,0610120,jeju_2,항만운영2급,1970-01-01 07:19:00,1970-01-01 17:51:00,1970-01-01 07:30:00,1970-01-01 16:30:00,,,
286.0,2026-04-21 00:00:00,화,평일,제주지점 물류운영팀,0610120,jeju_2,항만운영2급,1970-01-01 05:52:00,1970-01-01 10:59:00,1970-01-01 08:00:00,1970-01-01 17:00:00,오후반차,,
287.0,2026-04-22 00:00:00,수,평일,제주지점 물류운영팀,0610120,jeju_2,항만운영2급,1970-01-01 07:38:00,1970-01-01 12:40:00,1970-01-01 07:45:00,1970-01-01 16:45:00,오후반차,,
288.0,2026-04-23 00:00:00,목,평일,제주지점 물류운영팀,0610120,jeju_2,항만운영2급,1970-01-01 04:55:00,1970-01-01 18:26:00,1970-01-01 08:00:00,1970-01-01 17:00:00,,,
289.0,2026-04-24 00:00:00,금,평일,제주지점 물류운영팀,0610120,jeju_2,항만운영2급,1970-01-01 07:52:00,1970-01-01 17:50:00,1970-01-01 08:00:00,1970-01-01 17:00:00,,,
290.0,2026-04-25 00:00:00,토,휴일,제주지점 물류운영팀,0610120,jeju_2,항만운영2급,1970-01-01 05:53:00,1970-01-01 17:33:00,,,,,
291.0,2026-04-26 00:00:00,일,휴일,제주지점 물류운영팀,0610120,jeju_2,항만운영2급,1970-01-01 06:30:00,1970-01-01 17:52:00,,,,,
292.0,2026-04-27 00:00:00,월,평일,제주지점 물류운영팀,0610120,jeju_2,항만운영2급,1970-01-01 07:21:00,1970-01-01 18:50:00,1970-01-01 07:30:00,1970-01-01 16:30:00,,,
293.0,2026-04-28 00:00:00,화,평일,제주지점 물류운영팀,0610120,jeju_2,항만운영2급,1970-01-01 07:48:00,1970-01-01 19:21:00,1970-01-01 08:00:00,1970-01-01 17:00:00,,,
294.0,2026-04-29 00:00:00,수,평일,제주지점 물류운영팀,0610120,jeju_2,항만운영2급,,,,,국내출장,회의,09:00~18:00 노조회의
295.0,2026-04-30 00:00:00,목,평일,제주지점 물류운영팀,0610120,jeju_2,항만운영2급,,,,,국내출장,회의,09:00~18:00 노조회의
296.0,2026-04-01 00:00:00,수,평일,제주지점 물류운영팀,1111305,jeju_5,항만운영3급,1970-01-01 07:15:00,1970-01-01 17:43:00,1970-01-01 07:15:00,1970-01-01 16:15:00,,,
297.0,2026-04-02 00:00:00,목,평일,제주지점 물류운영팀,1111305,jeju_5,항만운영3급,1970-01-01 06:04:00,1970-01-01 17:48:00,1970-01-01 08:00:00,1970-01-01 17:00:00,,,
298.0,2026-04-03 00:00:00,금,평일,제주지점 물류운영팀,1111305,jeju_5,항만운영3급,1970-01-01 07:24:00,1970-01-01 18:58:00,1970-01-01 07:30:00,1970-01-01 16:30:00,,,
299.0,2026-04-04 00:00:00,토,평일,제주지점 물류운영팀,1111305,jeju_5,항만운영3급,1970-01-01 07:25:00,1970-01-01 16:46:00,1970-01-01 07:30:00,1970-01-01 16:30:00,,,
300.0,2026-04-05 00:00:00,일,휴일,제주지점 물류운영팀,1111305,jeju_5,항만운영3급,,,,,,,
301.0,2026-04-06 00:00:00,월,평일,제주지점 물류운영팀,1111305,jeju_5,항만운영3급,1970-01-01 07:16:00,1970-01-01 19:26:00,1970-01-01 07:30:00,1970-01-01 16:30:00,,,
302.0,2026-04-07 00:00:00,화,평일,제주지점 물류운영팀,1111305,jeju_5,항만운영3급,1970-01-01 06:10:00,1970-01-01 20:31:00,1970-01-01 08:00:00,1970-01-01 17:00:00,,,
303.0,2026-04-08 00:00:00,수,평일,제주지점 물류운영팀,1111305,jeju_5,항만운영3급,1970-01-01 07:26:00,1970-01-01 19:24:00,1970-01-01 07:30:00,1970-01-01 16:30:00,,,
304.0,2026-04-09 00:00:00,목,평일,제주지점 물류운영팀,1111305,jeju_5,항만운영3급,1970-01-01 06:52:00,1970-01-01 19:18:00,1970-01-01 07:00:00,1970-01-01 16:00:00,,,
305.0,2026-04-10 00:00:00,금,평일,제주지점 물류운영팀,1111305,jeju_5,항만운영3급,1970-01-01 06:06:00,1970-01-01 18:40:00,1970-01-01 08:00:00,1970-01-01 17:00:00,,,
306.0,2026-04-11 00:00:00,토,평일,제주지점 물류운영팀,1111305,jeju_5,항만운영3급,1970-01-01 07:29:00,1970-01-01 16:47:00,1970-01-01 07:30:00,1970-01-01 16:30:00,,,
307.0,2026-04-12 00:00:00,일,휴일,제주지점 물류운영팀,1111305,jeju_5,항만운영3급,,,,,,,
308.0,2026-04-13 00:00:00,월,평일,제주지점 물류운영팀,1111305,jeju_5,항만운영3급,1970-01-01 07:21:00,1970-01-01 19:22:00,1970-01-01 07:30:00,1970-01-01 16:30:00,,,
309.0,2026-04-14 00:00:00,화,평일,제주지점 물류운영팀,1111305,jeju_5,항만운영3급,1970-01-01 05:17:00,1970-01-01 17:56:00,1970-01-01 08:00:00,1970-01-01 17:00:00,,,
310.0,2026-04-15 00:00:00,수,평일,제주지점 물류운영팀,1111305,jeju_5,항만운영3급,1970-01-01 07:15:00,1970-01-01 19:46:00,1970-01-01 07:15:00,1970-01-01 16:15:00,,,
311.0,2026-04-16 00:00:00,목,평일,제주지점 물류운영팀,1111305,jeju_5,항만운영3급,1970-01-01 06:58:00,1970-01-01 18:03:00,1970-01-01 07:00:00,1970-01-01 16:00:00,,,
312.0,2026-04-17 00:00:00,금,평일,제주지점 물류운영팀,1111305,jeju_5,항만운영3급,1970-01-01 05:45:00,,1970-01-01 08:00:00,1970-01-01 17:00:00,,체크누락,18:00
313.0,2026-04-18 00:00:00,토,휴일,제주지점 물류운영팀,1111305,jeju_5,항만운영3급,1970-01-01 05:27:00,1970-01-01 16:22:00,,,,,
314.0,2026-04-19 00:00:00,일,휴일,제주지점 물류운영팀,1111305,jeju_5,항만운영3급,1970-01-01 06:06:00,1970-01-01 17:44:00,,,,,
315.0,2026-04-20 00:00:00,월,평일,제주지점 물류운영팀,1111305,jeju_5,항만운영3급,1970-01-01 07:20:00,1970-01-01 19:38:00,1970-01-01 07:30:00,1970-01-01 16:30:00,,,
316.0,2026-04-21 00:00:00,화,평일,제주지점 물류운영팀,1111305,jeju_5,항만운영3급,1970-01-01 07:27:00,1970-01-01 17:53:00,1970-01-01 07:30:00,1970-01-01 16:30:00,,,
317.0,2026-04-22 00:00:00,수,평일,제주지점 물류운영팀,1111305,jeju_5,항만운영3급,1970-01-01 07:21:00,1970-01-01 18:51:00,1970-01-01 07:30:00,1970-01-01 16:30:00,,,
318.0,2026-04-23 00:00:00,목,평일,제주지점 물류운영팀,1111305,jeju_5,항만운영3급,1970-01-01 07:16:00,1970-01-01 17:13:00,1970-01-01 07:30:00,1970-01-01 16:30:00,,,
319.0,2026-04-24 00:00:00,금,평일,제주지점 물류운영팀,1111305,jeju_5,항만운영3급,1970-01-01 07:14:00,1970-01-01 19:22:00,1970-01-01 07:15:00,1970-01-01 16:15:00,,,
320.0,2026-04-25 00:00:00,토,평일,제주지점 물류운영팀,1111305,jeju_5,항만운영3급,1970-01-01 07:06:00,1970-01-01 16:47:00,1970-01-01 07:15:00,1970-01-01 16:15:00,,,
321.0,2026-04-26 00:00:00,일,휴일,제주지점 물류운영팀,1111305,jeju_5,항만운영3급,,,,,,,
322.0,2026-04-27 00:00:00,월,평일,제주지점 물류운영팀,1111305,jeju_5,항만운영3급,1970-01-01 07:08:00,1970-01-01 19:47:00,1970-01-01 07:15:00,1970-01-01 16:15:00,,,
323.0,2026-04-28 00:00:00,화,평일,제주지점 물류운영팀,1111305,jeju_5,항만운영3급,1970-01-01 07:13:00,1970-01-01 18:05:00,1970-01-01 07:15:00,1970-01-01 16:15:00,,,
324.0,2026-04-29 00:00:00,수,평일,제주지점 물류운영팀,1111305,jeju_5,항만운영3급,1970-01-01 07:22:00,1970-01-01 21:00:00,1970-01-01 07:30:00,1970-01-01 16:30:00,,,
325.0,2026-04-30 00:00:00,목,평일,제주지점 물류운영팀,1111305,jeju_5,항만운영3급,1970-01-01 07:12:00,1970-01-01 18:02:00,1970-01-01 07:15:00,1970-01-01 16:15:00,,,
326.0,2026-04-01 00:00:00,수,평일,제주지점 물류운영팀,0712014,jeju_3,항만운영3급,1970-01-01 07:47:00,1970-01-01 23:50:00,1970-01-01 08:00:00,1970-01-01 17:00:00,,,
327.0,2026-04-02 00:00:00,목,평일,제주지점 물류운영팀,0712014,jeju_3,항만운영3급,1970-01-01 10:27:00,1970-01-01 19:07:00,1970-01-01 08:00:00,1970-01-01 17:00:00,,,
328.0,2026-04-03 00:00:00,금,평일,제주지점 물류운영팀,0712014,jeju_3,항만운영3급,1970-01-01 07:53:00,1970-01-01 19:33:00,1970-01-01 08:00:00,1970-01-01 17:00:00,,,
329.0,2026-04-04 00:00:00,토,휴일,제주지점 물류운영팀,0712014,jeju_3,항만운영3급,1970-01-01 06:36:00,1970-01-01 19:40:00,,,,,
330.0,2026-04-05 00:00:00,일,휴일,제주지점 물류운영팀,0712014,jeju_3,항만운영3급,1970-01-01 06:34:00,1970-01-01 19:26:00,,,,,
331.0,2026-04-06 00:00:00,월,평일,제주지점 물류운영팀,0712014,jeju_3,항만운영3급,1970-01-01 07:26:00,1970-01-01 19:26:00,1970-01-01 07:30:00,1970-01-01 16:30:00,,,
332.0,2026-04-07 00:00:00,화,평일,제주지점 물류운영팀,0712014,jeju_3,항만운영3급,1970-01-01 06:26:00,1970-01-01 18:54:00,1970-01-01 08:00:00,1970-01-01 17:00:00,,,
333.0,2026-04-08 00:00:00,수,평일,제주지점 물류운영팀,0712014,jeju_3,항만운영3급,1970-01-01 07:43:00,1970-01-01 19:25:00,1970-01-01 07:45:00,1970-01-01 16:45:00,,,
334.0,2026-04-09 00:00:00,목,평일,제주지점 물류운영팀,0712014,jeju_3,항만운영3급,1970-01-01 06:29:00,1970-01-01 19:27:00,1970-01-01 08:00:00,1970-01-01 17:00:00,,,
335.0,2026-04-10 00:00:00,금,평일,제주지점 물류운영팀,0712014,jeju_3,항만운영3급,1970-01-01 07:48:00,1970-01-01 19:23:00,1970-01-01 08:00:00,1970-01-01 17:00:00,,,
336.0,2026-04-11 00:00:00,토,평일,제주지점 물류운영팀,0712014,jeju_3,항만운영3급,1970-01-01 07:25:00,1970-01-01 19:00:00,1970-01-01 07:30:00,1970-01-01 16:30:00,,,
337.0,2026-04-12 00:00:00,일,휴일,제주지점 물류운영팀,0712014,jeju_3,항만운영3급,,,,,,,
338.0,2026-04-13 00:00:00,월,평일,제주지점 물류운영팀,0712014,jeju_3,항만운영3급,1970-01-01 05:38:00,1970-01-01 19:04:00,1970-01-01 08:00:00,1970-01-01 17:00:00,,,
339.0,2026-04-14 00:00:00,화,평일,제주지점 물류운영팀,0712014,jeju_3,항만운영3급,1970-01-01 07:47:00,1970-01-01 20:00:00,1970-01-01 08:00:00,1970-01-01 17:00:00,,,
340.0,2026-04-15 00:00:00,수,평일,제주지점 물류운영팀,0712014,jeju_3,항만운영3급,1970-01-01 06:54:00,1970-01-01 19:30:00,1970-01-01 07:00:00,1970-01-01 16:00:00,,,
341.0,2026-04-16 00:00:00,목,평일,제주지점 물류운영팀,0712014,jeju_3,항만운영3급,1970-01-01 07:57:00,1970-01-01 19:31:00,1970-01-01 08:00:00,1970-01-01 17:00:00,,,
342.0,2026-04-17 00:00:00,금,평일,제주지점 물류운영팀,0712014,jeju_3,항만운영3급,1970-01-01 05:58:00,1970-01-01 19:41:00,1970-01-01 08:00:00,1970-01-01 17:00:00,,,
343.0,2026-04-18 00:00:00,토,평일,제주지점 물류운영팀,0712014,jeju_3,항만운영3급,1970-01-01 07:43:00,1970-01-01 17:53:00,1970-01-01 07:45:00,1970-01-01 16:45:00,,,
344.0,2026-04-19 00:00:00,일,휴일,제주지점 물류운영팀,0712014,jeju_3,항만운영3급,,,,,,,
345.0,2026-04-20 00:00:00,월,평일,제주지점 물류운영팀,0712014,jeju_3,항만운영3급,1970-01-01 05:05:00,1970-01-01 19:31:00,1970-01-01 08:00:00,1970-01-01 17:00:00,,,
346.0,2026-04-21 00:00:00,화,평일,제주지점 물류운영팀,0712014,jeju_3,항만운영3급,1970-01-01 07:43:00,1970-01-01 20:24:00,1970-01-01 07:45:00,1970-01-01 16:45:00,,,
347.0,2026-04-22 00:00:00,수,평일,제주지점 물류운영팀,0712014,jeju_3,항만운영3급,1970-01-01 07:12:00,1970-01-01 19:54:00,1970-01-01 07:15:00,1970-01-01 16:15:00,,,
348.0,2026-04-23 00:00:00,목,평일,제주지점 물류운영팀,0712014,jeju_3,항만운영3급,1970-01-01 07:45:00,1970-01-01 19:39:00,1970-01-01 07:45:00,1970-01-01 16:45:00,,,
349.0,2026-04-24 00:00:00,금,평일,제주지점 물류운영팀,0712014,jeju_3,항만운영3급,1970-01-01 06:01:00,1970-01-01 19:09:00,1970-01-01 08:00:00,1970-01-01 17:00:00,,,
350.0,2026-04-25 00:00:00,토,평일,제주지점 물류운영팀,0712014,jeju_3,항만운영3급,1970-01-01 07:47:00,1970-01-01 18:05:00,1970-01-01 08:00:00,1970-01-01 17:00:00,,,
351.0,2026-04-26 00:00:00,일,휴일,제주지점 물류운영팀,0712014,jeju_3,항만운영3급,,,,,,,
352.0,2026-04-27 00:00:00,월,평일,제주지점 물류운영팀,0712014,jeju_3,항만운영3급,1970-01-01 05:47:00,1970-01-01 19:25:00,1970-01-01 08:00:00,1970-01-01 17:00:00,,,
353.0,2026-04-28 00:00:00,화,평일,제주지점 물류운영팀,0712014,jeju_3,항만운영3급,1970-01-01 07:45:00,1970-01-01 19:02:00,1970-01-01 07:45:00,1970-01-01 16:45:00,,,
354.0,2026-04-29 00:00:00,수,평일,제주지점 물류운영팀,0712014,jeju_3,항만운영3급,1970-01-01 05:40:00,1970-01-01 19:27:00,1970-01-01 08:00:00,1970-01-01 17:00:00,,,
355.0,2026-04-30 00:00:00,목,평일,제주지점 물류운영팀,0712014,jeju_3,항만운영3급,1970-01-01 07:44:00,1970-01-01 19:54:00,1970-01-01 07:45:00,1970-01-01 16:45:00,,,
356.0,2026-04-01 00:00:00,수,평일,제주지점 물류운영팀,1210930,jeju_6,항만운영4급,1970-01-01 05:54:00,1970-01-01 18:26:00,1970-01-01 08:00:00,1970-01-01 17:00:00,,,
357.0,2026-04-02 00:00:00,목,평일,제주지점 물류운영팀,1210930,jeju_6,항만운영4급,1970-01-01 07:07:00,1970-01-01 18:35:00,1970-01-01 07:15:00,1970-01-01 16:15:00,,,
358.0,2026-04-03 00:00:00,금,평일,제주지점 물류운영팀,1210930,jeju_6,항만운영4급,1970-01-01 05:37:00,1970-01-01 18:33:00,1970-01-01 08:00:00,1970-01-01 17:00:00,,,
359.0,2026-04-04 00:00:00,토,휴일,제주지점 물류운영팀,1210930,jeju_6,항만운영4급,1970-01-01 06:12:00,1970-01-01 16:50:00,,,,,
360.0,2026-04-05 00:00:00,일,휴일,제주지점 물류운영팀,1210930,jeju_6,항만운영4급,,,,,,,
361.0,2026-04-06 00:00:00,월,평일,제주지점 물류운영팀,1210930,jeju_6,항만운영4급,1970-01-01 07:08:00,1970-01-01 18:55:00,1970-01-01 07:15:00,1970-01-01 16:15:00,,,
362.0,2026-04-07 00:00:00,화,평일,제주지점 물류운영팀,1210930,jeju_6,항만운영4급,1970-01-01 05:59:00,,1970-01-01 08:00:00,1970-01-01 17:00:00,,체크누락,20:00
363.0,2026-04-08 00:00:00,수,평일,제주지점 물류운영팀,1210930,jeju_6,항만운영4급,1970-01-01 05:19:00,1970-01-01 18:58:00,1970-01-01 08:00:00,1970-01-01 17:00:00,,,
364.0,2026-04-09 00:00:00,목,평일,제주지점 물류운영팀,1210930,jeju_6,항만운영4급,1970-01-01 05:35:00,1970-01-01 18:31:00,1970-01-01 08:00:00,1970-01-01 17:00:00,,,
365.0,2026-04-10 00:00:00,금,평일,제주지점 물류운영팀,1210930,jeju_6,항만운영4급,1970-01-01 07:05:00,1970-01-01 17:59:00,1970-01-01 07:15:00,1970-01-01 16:15:00,,,
366.0,2026-04-11 00:00:00,토,휴일,제주지점 물류운영팀,1210930,jeju_6,항만운영4급,1970-01-01 06:00:00,1970-01-01 16:53:00,,,,,
367.0,2026-04-12 00:00:00,일,휴일,제주지점 물류운영팀,1210930,jeju_6,항만운영4급,1970-01-01 06:21:00,1970-01-01 12:10:00,,,,,
368.0,2026-04-13 00:00:00,월,평일,제주지점 물류운영팀,1210930,jeju_6,항만운영4급,1970-01-01 07:20:00,1970-01-01 18:51:00,1970-01-01 07:30:00,1970-01-01 16:30:00,,,
369.0,2026-04-14 00:00:00,화,평일,제주지점 물류운영팀,1210930,jeju_6,항만운영4급,1970-01-01 05:47:00,1970-01-01 18:30:00,1970-01-01 08:00:00,1970-01-01 17:00:00,,,
370.0,2026-04-15 00:00:00,수,평일,제주지점 물류운영팀,1210930,jeju_6,항만운영4급,1970-01-01 07:51:00,,1970-01-01 08:00:00,1970-01-01 17:00:00,,체크누락,19:00
371.0,2026-04-16 00:00:00,목,평일,제주지점 물류운영팀,1210930,jeju_6,항만운영4급,1970-01-01 06:19:00,1970-01-01 18:34:00,1970-01-01 08:00:00,1970-01-01 17:00:00,,,
372.0,2026-04-17 00:00:00,금,평일,제주지점 물류운영팀,1210930,jeju_6,항만운영4급,1970-01-01 06:02:00,1970-01-01 18:24:00,1970-01-01 08:00:00,1970-01-01 17:00:00,,,
373.0,2026-04-18 00:00:00,토,휴일,제주지점 물류운영팀,1210930,jeju_6,항만운영4급,1970-01-01 05:40:00,,,,,체크누락,17:00
374.0,2026-04-19 00:00:00,일,휴일,제주지점 물류운영팀,1210930,jeju_6,항만운영4급,,,,,,,
375.0,2026-04-20 00:00:00,월,평일,제주지점 물류운영팀,1210930,jeju_6,항만운영4급,,,,,연차,,
376.0,2026-04-21 00:00:00,화,평일,제주지점 물류운영팀,1210930,jeju_6,항만운영4급,1970-01-01 05:29:00,1970-01-01 18:52:00,1970-01-01 08:00:00,1970-01-01 17:00:00,,,
377.0,2026-04-22 00:00:00,수,평일,제주지점 물류운영팀,1210930,jeju_6,항만운영4급,1970-01-01 07:39:00,1970-01-01 19:27:00,1970-01-01 07:45:00,1970-01-01 16:45:00,,,
378.0,2026-04-23 00:00:00,목,평일,제주지점 물류운영팀,1210930,jeju_6,항만운영4급,1970-01-01 05:31:00,1970-01-01 18:26:00,1970-01-01 08:00:00,1970-01-01 17:00:00,,,
379.0,2026-04-24 00:00:00,금,평일,제주지점 물류운영팀,1210930,jeju_6,항만운영4급,1970-01-01 07:37:00,1970-01-01 19:26:00,1970-01-01 07:45:00,1970-01-01 16:45:00,,,
380.0,2026-04-25 00:00:00,토,휴일,제주지점 물류운영팀,1210930,jeju_6,항만운영4급,1970-01-01 05:33:00,1970-01-01 16:52:00,,,,,
381.0,2026-04-26 00:00:00,일,휴일,제주지점 물류운영팀,1210930,jeju_6,항만운영4급,1970-01-01 06:23:00,1970-01-01 17:50:00,,,,,
382.0,2026-04-27 00:00:00,월,평일,제주지점 물류운영팀,1210930,jeju_6,항만운영4급,1970-01-01 07:25:00,1970-01-01 18:02:00,1970-01-01 07:30:00,1970-01-01 16:30:00,,,
383.0,2026-04-28 00:00:00,화,평일,제주지점 물류운영팀,1210930,jeju_6,항만운영4급,1970-01-01 06:14:00,1970-01-01 18:20:00,1970-01-01 08:00:00,1970-01-01 17:00:00,,,
384.0,2026-04-29 00:00:00,수,평일,제주지점 물류운영팀,1210930,jeju_6,항만운영4급,,1970-01-01 21:03:00,1970-01-01 08:00:00,1970-01-01 17:00:00,,,
385.0,2026-04-30 00:00:00,목,평일,제주지점 물류운영팀,1210930,jeju_6,항만운영4급,,1970-01-01 18:29:00,1970-01-01 08:00:00,1970-01-01 17:00:00,,체크누락,08:00
386.0,2026-04-01 00:00:00,수,평일,제주지점 물류운영팀,0712025,jeju_4,항만운영5급,1970-01-01 07:44:00,1970-01-01 18:11:00,1970-01-01 07:45:00,1970-01-01 16:45:00,,,
387.0,2026-04-02 00:00:00,목,평일,제주지점 물류운영팀,0712025,jeju_4,항만운영5급,1970-01-01 07:47:00,1970-01-01 18:32:00,1970-01-01 08:00:00,1970-01-01 17:00:00,,,
388.0,2026-04-03 00:00:00,금,평일,제주지점 물류운영팀,0712025,jeju_4,항만운영5급,1970-01-01 07:38:00,1970-01-01 18:08:00,1970-01-01 07:45:00,1970-01-01 16:45:00,,,
389.0,2026-04-04 00:00:00,토,휴일,제주지점 물류운영팀,0712025,jeju_4,항만운영5급,1970-01-01 06:16:00,1970-01-01 16:39:00,,,,,
390.0,2026-04-05 00:00:00,일,휴일,제주지점 물류운영팀,0712025,jeju_4,항만운영5급,1970-01-01 06:23:00,1970-01-01 18:42:00,,,,,
391.0,2026-04-06 00:00:00,월,평일,제주지점 물류운영팀,0712025,jeju_4,항만운영5급,,,,,연차,,
392.0,2026-04-07 00:00:00,화,평일,제주지점 물류운영팀,0712025,jeju_4,항만운영5급,1970-01-01 05:52:00,1970-01-01 18:32:00,1970-01-01 08:00:00,1970-01-01 17:00:00,,,
393.0,2026-04-08 00:00:00,수,평일,제주지점 물류운영팀,0712025,jeju_4,항만운영5급,1970-01-01 07:27:00,1970-01-01 18:16:00,1970-01-01 07:30:00,1970-01-01 16:30:00,,,
394.0,2026-04-09 00:00:00,목,평일,제주지점 물류운영팀,0712025,jeju_4,항만운영5급,1970-01-01 07:33:00,1970-01-01 18:12:00,1970-01-01 07:45:00,1970-01-01 16:45:00,,,
395.0,2026-04-10 00:00:00,금,평일,제주지점 물류운영팀,0712025,jeju_4,항만운영5급,,1970-01-01 18:12:00,1970-01-01 08:00:00,1970-01-01 17:00:00,,체크누락,06:30
396.0,2026-04-11 00:00:00,토,평일,제주지점 물류운영팀,0712025,jeju_4,항만운영5급,1970-01-01 07:45:00,1970-01-01 16:51:00,1970-01-01 07:45:00,1970-01-01 16:45:00,,,
397.0,2026-04-12 00:00:00,일,휴일,제주지점 물류운영팀,0712025,jeju_4,항만운영5급,,,,,,,
398.0,2026-04-13 00:00:00,월,평일,제주지점 물류운영팀,0712025,jeju_4,항만운영5급,1970-01-01 07:26:00,1970-01-01 18:11:00,1970-01-01 07:30:00,1970-01-01 16:30:00,,,
399.0,2026-04-14 00:00:00,화,평일,제주지점 물류운영팀,0712025,jeju_4,항만운영5급,1970-01-01 07:39:00,1970-01-01 18:32:00,1970-01-01 07:45:00,1970-01-01 16:45:00,,,
400.0,2026-04-15 00:00:00,수,평일,제주지점 물류운영팀,0712025,jeju_4,항만운영5급,1970-01-01 07:33:00,1970-01-01 18:02:00,1970-01-01 07:45:00,1970-01-01 16:45:00,,,
401.0,2026-04-16 00:00:00,목,평일,제주지점 물류운영팀,0712025,jeju_4,항만운영5급,1970-01-01 07:32:00,1970-01-01 18:49:00,1970-01-01 07:45:00,1970-01-01 16:45:00,,,
402.0,2026-04-17 00:00:00,금,평일,제주지점 물류운영팀,0712025,jeju_4,항만운영5급,1970-01-01 07:39:00,1970-01-01 18:10:00,1970-01-01 07:45:00,1970-01-01 16:45:00,,,
403.0,2026-04-18 00:00:00,토,휴일,제주지점 물류운영팀,0712025,jeju_4,항만운영5급,1970-01-01 05:27:00,1970-01-01 17:11:00,,,,,
404.0,2026-04-19 00:00:00,일,휴일,제주지점 물류운영팀,0712025,jeju_4,항만운영5급,,,,,,,
405.0,2026-04-20 00:00:00,월,평일,제주지점 물류운영팀,0712025,jeju_4,항만운영5급,1970-01-01 07:24:00,1970-01-01 18:08:00,1970-01-01 07:30:00,1970-01-01 16:30:00,,,
406.0,2026-04-21 00:00:00,화,평일,제주지점 물류운영팀,0712025,jeju_4,항만운영5급,1970-01-01 07:32:00,1970-01-01 18:11:00,1970-01-01 07:45:00,1970-01-01 16:45:00,,,
407.0,2026-04-22 00:00:00,수,평일,제주지점 물류운영팀,0712025,jeju_4,항만운영5급,1970-01-01 07:27:00,1970-01-01 17:51:00,1970-01-01 07:30:00,1970-01-01 16:30:00,,,
408.0,2026-04-23 00:00:00,목,평일,제주지점 물류운영팀,0712025,jeju_4,항만운영5급,1970-01-01 06:08:00,1970-01-01 18:12:00,1970-01-01 08:00:00,1970-01-01 17:00:00,,,
409.0,2026-04-24 00:00:00,금,평일,제주지점 물류운영팀,0712025,jeju_4,항만운영5급,,,,,연차,,
410.0,2026-04-25 00:00:00,토,평일,제주지점 물류운영팀,0712025,jeju_4,항만운영5급,1970-01-01 07:27:00,1970-01-01 16:52:00,1970-01-01 07:30:00,1970-01-01 16:30:00,,,
411.0,2026-04-26 00:00:00,일,휴일,제주지점 물류운영팀,0712025,jeju_4,항만운영5급,1970-01-01 06:20:00,1970-01-01 17:48:00,,,,,
412.0,2026-04-27 00:00:00,월,평일,제주지점 물류운영팀,0712025,jeju_4,항만운영5급,1970-01-01 07:24:00,1970-01-01 18:10:00,1970-01-01 07:30:00,1970-01-01 16:30:00,,,
413.0,2026-04-28 00:00:00,화,평일,제주지점 물류운영팀,0712025,jeju_4,항만운영5급,1970-01-01 07:40:00,1970-01-01 18:13:00,1970-01-01 07:45:00,1970-01-01 16:45:00,,,
414.0,2026-04-29 00:00:00,수,평일,제주지점 물류운영팀,0712025,jeju_4,항만운영5급,1970-01-01 07:29:00,1970-01-01 18:10:00,1970-01-01 07:30:00,1970-01-01 16:30:00,,,
415.0,2026-04-30 00:00:00,목,평일,제주지점 물류운영팀,0712025,jeju_4,항만운영5급,1970-01-01 07:33:00,1970-01-01 18:34:00,1970-01-01 07:45:00,1970-01-01 16:45:00,,,
416.0,2026-04-01 00:00:00,수,평일,제주지점 물류운영팀,2210596,jeju_8,항만운영5급,1970-01-01 06:30:00,1970-01-01 17:03:00,1970-01-01 08:00:00,1970-01-01 17:00:00,,,
417.0,2026-04-02 00:00:00,목,평일,제주지점 물류운영팀,2210596,jeju_8,항만운영5급,1970-01-01 06:55:00,1970-01-01 17:01:00,1970-01-01 07:00:00,1970-01-01 16:00:00,,,
418.0,2026-04-03 00:00:00,금,평일,제주지점 물류운영팀,2210596,jeju_8,항만운영5급,1970-01-01 07:58:00,1970-01-01 16:59:00,1970-01-01 08:00:00,1970-01-01 17:00:00,,,
419.0,2026-04-04 00:00:00,토,평일,제주지점 물류운영팀,2210596,jeju_8,항만운영5급,1970-01-01 06:53:00,,1970-01-01 07:00:00,1970-01-01 16:00:00,,체크누락,16:30
420.0,2026-04-05 00:00:00,일,휴일,제주지점 물류운영팀,2210596,jeju_8,항만운영5급,,,,,,,
421.0,2026-04-06 00:00:00,월,평일,제주지점 물류운영팀,2210596,jeju_8,항만운영5급,1970-01-01 07:32:00,1970-01-01 17:29:00,1970-01-01 07:45:00,1970-01-01 16:45:00,,,
422.0,2026-04-07 00:00:00,화,평일,제주지점 물류운영팀,2210596,jeju_8,항만운영5급,1970-01-01 06:34:00,1970-01-01 17:08:00,1970-01-01 08:00:00,1970-01-01 17:00:00,,,
423.0,2026-04-08 00:00:00,수,평일,제주지점 물류운영팀,2210596,jeju_8,항만운영5급,1970-01-01 06:57:00,1970-01-01 17:01:00,1970-01-01 07:00:00,1970-01-01 16:00:00,,,
424.0,2026-04-09 00:00:00,목,평일,제주지점 물류운영팀,2210596,jeju_8,항만운영5급,1970-01-01 06:57:00,1970-01-01 17:00:00,1970-01-01 07:00:00,1970-01-01 16:00:00,,,
425.0,2026-04-10 00:00:00,금,평일,제주지점 물류운영팀,2210596,jeju_8,항만운영5급,1970-01-01 07:05:00,1970-01-01 17:01:00,1970-01-01 07:15:00,1970-01-01 16:15:00,,,
426.0,2026-04-11 00:00:00,토,휴일,제주지점 물류운영팀,2210596,jeju_8,항만운영5급,1970-01-01 06:28:00,1970-01-01 16:42:00,,,,,
427.0,2026-04-12 00:00:00,일,휴일,제주지점 물류운영팀,2210596,jeju_8,항만운영5급,,,,,,,
428.0,2026-04-13 00:00:00,월,평일,제주지점 물류운영팀,2210596,jeju_8,항만운영5급,1970-01-01 07:37:00,1970-01-01 17:36:00,1970-01-01 07:45:00,1970-01-01 16:45:00,,,
429.0,2026-04-14 00:00:00,화,평일,제주지점 물류운영팀,2210596,jeju_8,항만운영5급,1970-01-01 06:55:00,1970-01-01 17:31:00,1970-01-01 07:00:00,1970-01-01 16:00:00,,,
430.0,2026-04-15 00:00:00,수,평일,제주지점 물류운영팀,2210596,jeju_8,항만운영5급,1970-01-01 07:11:00,1970-01-01 16:59:00,1970-01-01 07:15:00,1970-01-01 16:15:00,,,
431.0,2026-04-16 00:00:00,목,평일,제주지점 물류운영팀,2210596,jeju_8,항만운영5급,1970-01-01 06:57:00,1970-01-01 17:17:00,1970-01-01 07:00:00,1970-01-01 16:00:00,,,
432.0,2026-04-17 00:00:00,금,평일,제주지점 물류운영팀,2210596,jeju_8,항만운영5급,1970-01-01 06:35:00,1970-01-01 17:01:00,1970-01-01 08:00:00,1970-01-01 17:00:00,,,
433.0,2026-04-18 00:00:00,토,평일,제주지점 물류운영팀,2210596,jeju_8,항만운영5급,1970-01-01 06:47:00,1970-01-01 16:31:00,1970-01-01 07:00:00,1970-01-01 16:00:00,,,
434.0,2026-04-19 00:00:00,일,휴일,제주지점 물류운영팀,2210596,jeju_8,항만운영5급,1970-01-01 06:08:00,1970-01-01 11:35:00,,,,,
435.0,2026-04-20 00:00:00,월,평일,제주지점 물류운영팀,2210596,jeju_8,항만운영5급,1970-01-01 07:50:00,1970-01-01 17:36:00,1970-01-01 08:00:00,1970-01-01 17:00:00,,,
436.0,2026-04-21 00:00:00,화,평일,제주지점 물류운영팀,2210596,jeju_8,항만운영5급,,,,,연차,,
437.0,2026-04-22 00:00:00,수,평일,제주지점 물류운영팀,2210596,jeju_8,항만운영5급,,1970-01-01 17:00:00,1970-01-01 08:00:00,1970-01-01 17:00:00,,체크누락,07:00
438.0,2026-04-23 00:00:00,목,평일,제주지점 물류운영팀,2210596,jeju_8,항만운영5급,1970-01-01 07:10:00,1970-01-01 17:00:00,1970-01-01 07:15:00,1970-01-01 16:15:00,,,
439.0,2026-04-24 00:00:00,금,평일,제주지점 물류운영팀,2210596,jeju_8,항만운영5급,1970-01-01 06:55:00,1970-01-01 17:06:00,1970-01-01 07:00:00,1970-01-01 16:00:00,,,
440.0,2026-04-25 00:00:00,토,평일,제주지점 물류운영팀,2210596,jeju_8,항만운영5급,1970-01-01 06:57:00,1970-01-01 16:47:00,1970-01-01 07:00:00,1970-01-01 16:00:00,,,
441.0,2026-04-26 00:00:00,일,휴일,제주지점 물류운영팀,2210596,jeju_8,항만운영5급,,,,,,,
442.0,2026-04-27 00:00:00,월,평일,제주지점 물류운영팀,2210596,jeju_8,항만운영5급,1970-01-01 07:28:00,1970-01-01 17:30:00,1970-01-01 07:30:00,1970-01-01 16:30:00,,,
443.0,2026-04-28 00:00:00,화,평일,제주지점 물류운영팀,2210596,jeju_8,항만운영5급,1970-01-01 06:47:00,1970-01-01 17:12:00,1970-01-01 07:00:00,1970-01-01 16:00:00,,,
444.0,2026-04-29 00:00:00,수,평일,제주지점 물류운영팀,2210596,jeju_8,항만운영5급,1970-01-01 06:57:00,1970-01-01 16:59:00,1970-01-01 07:00:00,1970-01-01 16:00:00,,,
445.0,2026-04-30 00:00:00,목,평일,제주지점 물류운영팀,2210596,jeju_8,항만운영5급,1970-01-01 06:49:00,1970-01-01 17:02:00,1970-01-01 07:00:00,1970-01-01 16:00:00,,,
446.0,2026-04-01 00:00:00,수,평일,제주지점 물류운영팀,2211016,jeju_9,항만운영5급,1970-01-01 06:45:00,1970-01-01 17:16:00,1970-01-01 08:00:00,1970-01-01 17:00:00,,,
447.0,2026-04-02 00:00:00,목,평일,제주지점 물류운영팀,2211016,jeju_9,항만운영5급,1970-01-01 06:29:00,1970-01-01 17:04:00,1970-01-01 08:00:00,1970-01-01 17:00:00,,,
448.0,2026-04-03 00:00:00,금,평일,제주지점 물류운영팀,2211016,jeju_9,항만운영5급,1970-01-01 07:15:00,1970-01-01 16:59:00,1970-01-01 07:15:00,1970-01-01 16:15:00,,,
449.0,2026-04-04 00:00:00,토,평일,제주지점 물류운영팀,2211016,jeju_9,항만운영5급,1970-01-01 08:03:00,1970-01-01 16:16:00,1970-01-01 08:15:00,1970-01-01 17:15:00,,,
450.0,2026-04-05 00:00:00,일,휴일,제주지점 물류운영팀,2211016,jeju_9,항만운영5급,,,,,,,
451.0,2026-04-06 00:00:00,월,평일,제주지점 물류운영팀,2211016,jeju_9,항만운영5급,1970-01-01 12:58:00,1970-01-01 17:43:00,1970-01-01 13:00:00,1970-01-01 22:00:00,오전반차,,
452.0,2026-04-07 00:00:00,화,평일,제주지점 물류운영팀,2211016,jeju_9,항만운영5급,1970-01-01 06:37:00,1970-01-01 17:32:00,1970-01-01 08:00:00,1970-01-01 17:00:00,,,
453.0,2026-04-08 00:00:00,수,평일,제주지점 물류운영팀,2211016,jeju_9,항만운영5급,1970-01-01 06:59:00,1970-01-01 17:24:00,1970-01-01 07:00:00,1970-01-01 16:00:00,,,
454.0,2026-04-09 00:00:00,목,평일,제주지점 물류운영팀,2211016,jeju_9,항만운영5급,1970-01-01 07:00:00,1970-01-01 18:28:00,1970-01-01 07:00:00,1970-01-01 16:00:00,,,
455.0,2026-04-10 00:00:00,금,평일,제주지점 물류운영팀,2211016,jeju_9,항만운영5급,1970-01-01 06:56:00,1970-01-01 17:00:00,1970-01-01 07:00:00,1970-01-01 16:00:00,,,
456.0,2026-04-11 00:00:00,토,휴일,제주지점 물류운영팀,2211016,jeju_9,항만운영5급,1970-01-01 06:24:00,1970-01-01 16:39:00,,,,,
457.0,2026-04-12 00:00:00,일,휴일,제주지점 물류운영팀,2211016,jeju_9,항만운영5급,1970-01-01 03:12:00,1970-01-01 12:09:00,,,,,
458.0,2026-04-13 00:00:00,월,평일,제주지점 물류운영팀,2211016,jeju_9,항만운영5급,,1970-01-01 17:13:00,1970-01-01 08:00:00,1970-01-01 17:00:00,,체크누락,08:00
459.0,2026-04-14 00:00:00,화,평일,제주지점 물류운영팀,2211016,jeju_9,항만운영5급,1970-01-01 06:53:00,1970-01-01 17:05:00,1970-01-01 07:00:00,1970-01-01 16:00:00,,,
460.0,2026-04-15 00:00:00,수,평일,제주지점 물류운영팀,2211016,jeju_9,항만운영5급,1970-01-01 07:12:00,1970-01-01 17:00:00,1970-01-01 07:15:00,1970-01-01 16:15:00,,,
461.0,2026-04-16 00:00:00,목,평일,제주지점 물류운영팀,2211016,jeju_9,항만운영5급,1970-01-01 06:38:00,1970-01-01 17:00:00,1970-01-01 08:00:00,1970-01-01 17:00:00,,,
462.0,2026-04-17 00:00:00,금,평일,제주지점 물류운영팀,2211016,jeju_9,항만운영5급,1970-01-01 07:33:00,1970-01-01 17:02:00,1970-01-01 07:45:00,1970-01-01 16:45:00,,,
463.0,2026-04-18 00:00:00,토,휴일,제주지점 물류운영팀,2211016,jeju_9,항만운영5급,,,,,,,
464.0,2026-04-19 00:00:00,일,휴일,제주지점 물류운영팀,2211016,jeju_9,항만운영5급,,,,,,,
465.0,2026-04-20 00:00:00,월,평일,제주지점 물류운영팀,2211016,jeju_9,항만운영5급,1970-01-01 07:23:00,1970-01-01 17:00:00,1970-01-01 07:30:00,1970-01-01 16:30:00,,,
466.0,2026-04-21 00:00:00,화,평일,제주지점 물류운영팀,2211016,jeju_9,항만운영5급,1970-01-01 07:07:00,1970-01-01 17:11:00,1970-01-01 07:15:00,1970-01-01 16:15:00,,,
467.0,2026-04-22 00:00:00,수,평일,제주지점 물류운영팀,2211016,jeju_9,항만운영5급,1970-01-01 06:59:00,1970-01-01 17:17:00,1970-01-01 07:00:00,1970-01-01 16:00:00,,,
468.0,2026-04-23 00:00:00,목,평일,제주지점 물류운영팀,2211016,jeju_9,항만운영5급,1970-01-01 07:20:00,1970-01-01 17:00:00,1970-01-01 07:30:00,1970-01-01 16:30:00,,,
469.0,2026-04-24 00:00:00,금,평일,제주지점 물류운영팀,2211016,jeju_9,항만운영5급,1970-01-01 06:37:00,1970-01-01 17:18:00,1970-01-01 08:00:00,1970-01-01 17:00:00,,,
470.0,2026-04-25 00:00:00,토,평일,제주지점 물류운영팀,2211016,jeju_9,항만운영5급,1970-01-01 06:48:00,1970-01-01 16:38:00,1970-01-01 07:00:00,1970-01-01 16:00:00,,,
471.0,2026-04-26 00:00:00,일,휴일,제주지점 물류운영팀,2211016,jeju_9,항만운영5급,1970-01-01 06:29:00,1970-01-01 12:13:00,,,,,
472.0,2026-04-27 00:00:00,월,평일,제주지점 물류운영팀,2211016,jeju_9,항만운영5급,1970-01-01 07:20:00,1970-01-01 17:26:00,1970-01-01 07:30:00,1970-01-01 16:30:00,,,
473.0,2026-04-28 00:00:00,화,평일,제주지점 물류운영팀,2211016,jeju_9,항만운영5급,1970-01-01 06:43:00,1970-01-01 17:27:00,1970-01-01 08:00:00,1970-01-01 17:00:00,,,
474.0,2026-04-29 00:00:00,수,평일,제주지점 물류운영팀,2211016,jeju_9,항만운영5급,1970-01-01 07:07:00,1970-01-01 17:08:00,1970-01-01 07:15:00,1970-01-01 16:15:00,,,
475.0,2026-04-30 00:00:00,목,평일,제주지점 물류운영팀,2211016,jeju_9,항만운영5급,1970-01-01 06:31:00,1970-01-01 17:03:00,1970-01-01 08:00:00,1970-01-01 17:00:00,,,
476.0,2026-04-01 00:00:00,수,평일,제주지점 물류운영팀,2211031,jeju_10,항만운영5급,1970-01-01 06:00:00,1970-01-01 17:00:00,1970-01-01 08:00:00,1970-01-01 17:00:00,,,
477.0,2026-04-02 00:00:00,목,평일,제주지점 물류운영팀,2211031,jeju_10,항만운영5급,1970-01-01 06:10:00,1970-01-01 17:00:00,1970-01-01 08:00:00,1970-01-01 17:00:00,,,
478.0,2026-04-03 00:00:00,금,평일,제주지점 물류운영팀,2211031,jeju_10,항만운영5급,1970-01-01 06:07:00,1970-01-01 17:03:00,1970-01-01 08:00:00,1970-01-01 17:00:00,,,
479.0,2026-04-04 00:00:00,토,휴일,제주지점 물류운영팀,2211031,jeju_10,항만운영5급,1970-01-01 06:10:00,1970-01-01 16:30:00,,,,,
480.0,2026-04-05 00:00:00,일,휴일,제주지점 물류운영팀,2211031,jeju_10,항만운영5급,1970-01-01 06:15:00,1970-01-01 18:40:00,,,,,
481.0,2026-04-06 00:00:00,월,평일,제주지점 물류운영팀,2211031,jeju_10,항만운영5급,1970-01-01 07:15:00,1970-01-01 17:15:00,1970-01-01 07:15:00,1970-01-01 16:15:00,,,
482.0,2026-04-07 00:00:00,화,평일,제주지점 물류운영팀,2211031,jeju_10,항만운영5급,,,,,연차,,
483.0,2026-04-08 00:00:00,수,평일,제주지점 물류운영팀,2211031,jeju_10,항만운영5급,1970-01-01 06:18:00,1970-01-01 17:05:00,1970-01-01 08:00:00,1970-01-01 17:00:00,,,
484.0,2026-04-09 00:00:00,목,평일,제주지점 물류운영팀,2211031,jeju_10,항만운영5급,1970-01-01 06:17:00,1970-01-01 17:00:00,1970-01-01 08:00:00,1970-01-01 17:00:00,,,
485.0,2026-04-10 00:00:00,금,평일,제주지점 물류운영팀,2211031,jeju_10,항만운영5급,1970-01-01 06:15:00,1970-01-01 17:01:00,1970-01-01 08:00:00,1970-01-01 17:00:00,,,
486.0,2026-04-11 00:00:00,토,휴일,제주지점 물류운영팀,2211031,jeju_10,항만운영5급,1970-01-01 06:00:00,1970-01-01 16:43:00,,,,,
487.0,2026-04-12 00:00:00,일,휴일,제주지점 물류운영팀,2211031,jeju_10,항만운영5급,,,,,,,
488.0,2026-04-13 00:00:00,월,평일,제주지점 물류운영팀,2211031,jeju_10,항만운영5급,1970-01-01 07:15:00,1970-01-01 17:15:00,1970-01-01 07:15:00,1970-01-01 16:15:00,,,
489.0,2026-04-14 00:00:00,화,평일,제주지점 물류운영팀,2211031,jeju_10,항만운영5급,1970-01-01 06:05:00,1970-01-01 17:16:00,1970-01-01 08:00:00,1970-01-01 17:00:00,,,
490.0,2026-04-15 00:00:00,수,평일,제주지점 물류운영팀,2211031,jeju_10,항만운영5급,1970-01-01 06:20:00,1970-01-01 17:00:00,1970-01-01 08:00:00,1970-01-01 17:00:00,,,
491.0,2026-04-16 00:00:00,목,평일,제주지점 물류운영팀,2211031,jeju_10,항만운영5급,1970-01-01 06:15:00,1970-01-01 17:00:00,1970-01-01 08:00:00,1970-01-01 17:00:00,,,
492.0,2026-04-17 00:00:00,금,평일,제주지점 물류운영팀,2211031,jeju_10,항만운영5급,1970-01-01 06:20:00,1970-01-01 17:10:00,1970-01-01 08:00:00,1970-01-01 17:00:00,,,
493.0,2026-04-18 00:00:00,토,휴일,제주지점 물류운영팀,2211031,jeju_10,항만운영5급,1970-01-01 06:15:00,1970-01-01 16:37:00,,,,,
494.0,2026-04-19 00:00:00,일,휴일,제주지점 물류운영팀,2211031,jeju_10,항만운영5급,,,,,,,
495.0,2026-04-20 00:00:00,월,평일,제주지점 물류운영팀,2211031,jeju_10,항만운영5급,1970-01-01 07:20:00,1970-01-01 17:00:00,1970-01-01 07:30:00,1970-01-01 16:30:00,,,
496.0,2026-04-21 00:00:00,화,평일,제주지점 물류운영팀,2211031,jeju_10,항만운영5급,1970-01-01 06:15:00,1970-01-01 17:01:00,1970-01-01 08:00:00,1970-01-01 17:00:00,,,
497.0,2026-04-22 00:00:00,수,평일,제주지점 물류운영팀,2211031,jeju_10,항만운영5급,1970-01-01 06:16:00,1970-01-01 17:00:00,1970-01-01 08:00:00,1970-01-01 17:00:00,,,
498.0,2026-04-23 00:00:00,목,평일,제주지점 물류운영팀,2211031,jeju_10,항만운영5급,1970-01-01 06:22:00,1970-01-01 17:00:00,1970-01-01 08:00:00,1970-01-01 17:00:00,,,
499.0,2026-04-24 00:00:00,금,평일,제주지점 물류운영팀,2211031,jeju_10,항만운영5급,1970-01-01 06:10:00,1970-01-01 17:10:00,1970-01-01 08:00:00,1970-01-01 17:00:00,,,
500.0,2026-04-25 00:00:00,토,휴일,제주지점 물류운영팀,2211031,jeju_10,항만운영5급,1970-01-01 06:20:00,1970-01-01 16:56:00,,,,,
501.0,2026-04-26 00:00:00,일,휴일,제주지점 물류운영팀,2211031,jeju_10,항만운영5급,,,,,,,
502.0,2026-04-27 00:00:00,월,평일,제주지점 물류운영팀,2211031,jeju_10,항만운영5급,1970-01-01 12:43:00,1970-01-01 17:12:00,1970-01-01 08:00:00,1970-01-01 17:00:00,오전반차,,
503.0,2026-04-28 00:00:00,화,평일,제주지점 물류운영팀,2211031,jeju_10,항만운영5급,1970-01-01 06:10:00,1970-01-01 17:15:00,1970-01-01 08:00:00,1970-01-01 17:00:00,,,
504.0,2026-04-29 00:00:00,수,평일,제주지점 물류운영팀,2211031,jeju_10,항만운영5급,1970-01-01 06:15:00,1970-01-01 17:00:00,1970-01-01 08:00:00,1970-01-01 17:00:00,,,
505.0,2026-04-30 00:00:00,목,평일,제주지점 물류운영팀,2211031,jeju_10,항만운영5급,1970-01-01 06:23:00,1970-01-01 17:01:00,1970-01-01 08:00:00,1970-01-01 17:00:00,,,
506.0,2026-04-01 00:00:00,수,평일,제주지점 물류운영팀,2211554,jeju_12,항만운영5급,1970-01-01 08:04:00,1970-01-01 18:17:00,1970-01-01 08:15:00,1970-01-01 17:15:00,,,
507.0,2026-04-02 00:00:00,목,평일,제주지점 물류운영팀,2211554,jeju_12,항만운영5급,1970-01-01 07:04:00,1970-01-01 18:35:00,1970-01-01 07:15:00,1970-01-01 16:15:00,,,
508.0,2026-04-03 00:00:00,금,평일,제주지점 물류운영팀,2211554,jeju_12,항만운영5급,1970-01-01 07:05:00,1970-01-01 18:16:00,1970-01-01 07:15:00,1970-01-01 16:15:00,,,
509.0,2026-04-04 00:00:00,토,평일,제주지점 물류운영팀,2211554,jeju_12,항만운영5급,1970-01-01 07:13:00,1970-01-01 16:48:00,1970-01-01 07:15:00,1970-01-01 16:15:00,,,
510.0,2026-04-05 00:00:00,일,휴일,제주지점 물류운영팀,2211554,jeju_12,항만운영5급,,,,,,,
511.0,2026-04-06 00:00:00,월,평일,제주지점 물류운영팀,2211554,jeju_12,항만운영5급,1970-01-01 07:17:00,1970-01-01 18:54:00,1970-01-01 07:30:00,1970-01-01 16:30:00,,,
512.0,2026-04-07 00:00:00,화,평일,제주지점 물류운영팀,2211554,jeju_12,항만운영5급,1970-01-01 06:28:00,1970-01-01 19:50:00,1970-01-01 08:00:00,1970-01-01 17:00:00,,,
513.0,2026-04-08 00:00:00,수,평일,제주지점 물류운영팀,2211554,jeju_12,항만운영5급,1970-01-01 07:15:00,1970-01-01 18:17:00,1970-01-01 07:15:00,1970-01-01 16:15:00,,,
514.0,2026-04-09 00:00:00,목,평일,제주지점 물류운영팀,2211554,jeju_12,항만운영5급,1970-01-01 07:17:00,1970-01-01 18:15:00,1970-01-01 07:30:00,1970-01-01 16:30:00,,,
515.0,2026-04-10 00:00:00,금,평일,제주지점 물류운영팀,2211554,jeju_12,항만운영5급,1970-01-01 07:20:00,1970-01-01 17:56:00,1970-01-01 07:30:00,1970-01-01 16:30:00,,,
516.0,2026-04-11 00:00:00,토,평일,제주지점 물류운영팀,2211554,jeju_12,항만운영5급,1970-01-01 07:20:00,1970-01-01 16:54:00,1970-01-01 07:30:00,1970-01-01 16:30:00,,,
517.0,2026-04-12 00:00:00,일,휴일,제주지점 물류운영팀,2211554,jeju_12,항만운영5급,,,,,,,
518.0,2026-04-13 00:00:00,월,평일,제주지점 물류운영팀,2211554,jeju_12,항만운영5급,1970-01-01 07:26:00,1970-01-01 18:00:00,1970-01-01 07:30:00,1970-01-01 16:30:00,,,
519.0,2026-04-14 00:00:00,화,평일,제주지점 물류운영팀,2211554,jeju_12,항만운영5급,1970-01-01 07:30:00,1970-01-01 18:31:00,1970-01-01 07:30:00,1970-01-01 16:30:00,,,
520.0,2026-04-15 00:00:00,수,평일,제주지점 물류운영팀,2211554,jeju_12,항만운영5급,1970-01-01 07:31:00,1970-01-01 17:59:00,1970-01-01 07:45:00,1970-01-01 16:45:00,,,
521.0,2026-04-16 00:00:00,목,평일,제주지점 물류운영팀,2211554,jeju_12,항만운영5급,1970-01-01 06:05:00,1970-01-01 18:46:00,1970-01-01 08:00:00,1970-01-01 17:00:00,,,
522.0,2026-04-17 00:00:00,금,평일,제주지점 물류운영팀,2211554,jeju_12,항만운영5급,1970-01-01 07:29:00,1970-01-01 18:19:00,1970-01-01 07:30:00,1970-01-01 16:30:00,,,
523.0,2026-04-18 00:00:00,토,평일,제주지점 물류운영팀,2211554,jeju_12,항만운영5급,1970-01-01 07:00:00,1970-01-01 16:54:00,1970-01-01 07:00:00,1970-01-01 16:00:00,,,
524.0,2026-04-19 00:00:00,일,휴일,제주지점 물류운영팀,2211554,jeju_12,항만운영5급,1970-01-01 06:08:00,1970-01-01 17:47:00,,,,,
525.0,2026-04-20 00:00:00,월,평일,제주지점 물류운영팀,2211554,jeju_12,항만운영5급,1970-01-01 07:25:00,1970-01-01 18:16:00,1970-01-01 07:30:00,1970-01-01 16:30:00,,,
526.0,2026-04-21 00:00:00,화,평일,제주지점 물류운영팀,2211554,jeju_12,항만운영5급,1970-01-01 05:26:00,,1970-01-01 08:00:00,1970-01-01 17:00:00,,체크누락,18:30
527.0,2026-04-22 00:00:00,수,평일,제주지점 물류운영팀,2211554,jeju_12,항만운영5급,1970-01-01 08:00:00,1970-01-01 17:23:00,1970-01-01 08:00:00,1970-01-01 17:00:00,,,
528.0,2026-04-23 00:00:00,목,평일,제주지점 물류운영팀,2211554,jeju_12,항만운영5급,1970-01-01 18:24:00,1970-01-01 18:26:00,1970-01-01 08:00:00,1970-01-01 17:00:00,,,
529.0,2026-04-24 00:00:00,금,평일,제주지점 물류운영팀,2211554,jeju_12,항만운영5급,,,,,연차,,
530.0,2026-04-25 00:00:00,토,평일,제주지점 물류운영팀,2211554,jeju_12,항만운영5급,1970-01-01 07:05:00,1970-01-01 17:21:00,1970-01-01 07:15:00,1970-01-01 16:15:00,,,
531.0,2026-04-26 00:00:00,일,휴일,제주지점 물류운영팀,2211554,jeju_12,항만운영5급,,,,,,,
532.0,2026-04-27 00:00:00,월,평일,제주지점 물류운영팀,2211554,jeju_12,항만운영5급,,,,,연차,,
533.0,2026-04-28 00:00:00,화,평일,제주지점 물류운영팀,2211554,jeju_12,항만운영5급,1970-01-01 06:48:00,1970-01-01 18:16:00,1970-01-01 07:00:00,1970-01-01 16:00:00,,,
534.0,2026-04-29 00:00:00,수,평일,제주지점 물류운영팀,2211554,jeju_12,항만운영5급,1970-01-01 07:25:00,1970-01-01 17:26:00,1970-01-01 07:30:00,1970-01-01 16:30:00,,,
535.0,2026-04-30 00:00:00,목,평일,제주지점 물류운영팀,2211554,jeju_12,항만운영5급,1970-01-01 07:25:00,1970-01-01 18:34:00,1970-01-01 07:30:00,1970-01-01 16:30:00,,,
536.0,2026-04-01 00:00:00,수,평일,제주지점 물류운영팀,2211565,jeju_13,항만운영5급,1970-01-01 05:22:00,1970-01-01 18:14:00,1970-01-01 08:00:00,1970-01-01 17:00:00,,,
537.0,2026-04-02 00:00:00,목,평일,제주지점 물류운영팀,2211565,jeju_13,항만운영5급,1970-01-01 06:47:00,1970-01-01 18:34:00,1970-01-01 07:00:00,1970-01-01 16:00:00,,,
538.0,2026-04-03 00:00:00,금,평일,제주지점 물류운영팀,2211565,jeju_13,항만운영5급,1970-01-01 05:11:00,1970-01-01 18:11:00,1970-01-01 08:00:00,1970-01-01 17:00:00,,,
539.0,2026-04-04 00:00:00,토,평일,제주지점 물류운영팀,2211565,jeju_13,항만운영5급,1970-01-01 07:05:00,1970-01-01 16:48:00,1970-01-01 07:15:00,1970-01-01 16:15:00,,,
540.0,2026-04-05 00:00:00,일,휴일,제주지점 물류운영팀,2211565,jeju_13,항만운영5급,,,,,,,
541.0,2026-04-06 00:00:00,월,평일,제주지점 물류운영팀,2211565,jeju_13,항만운영5급,1970-01-01 07:25:00,1970-01-01 18:54:00,1970-01-01 07:30:00,1970-01-01 16:30:00,,,
542.0,2026-04-07 00:00:00,화,평일,제주지점 물류운영팀,2211565,jeju_13,항만운영5급,1970-01-01 07:25:00,1970-01-01 20:01:00,1970-01-01 07:30:00,1970-01-01 16:30:00,,,
543.0,2026-04-08 00:00:00,수,평일,제주지점 물류운영팀,2211565,jeju_13,항만운영5급,1970-01-01 05:03:00,1970-01-01 18:17:00,1970-01-01 08:00:00,1970-01-01 17:00:00,,,
544.0,2026-04-09 00:00:00,목,평일,제주지점 물류운영팀,2211565,jeju_13,항만운영5급,1970-01-01 05:25:00,1970-01-01 18:13:00,1970-01-01 08:00:00,1970-01-01 17:00:00,,,
545.0,2026-04-10 00:00:00,금,평일,제주지점 물류운영팀,2211565,jeju_13,항만운영5급,1970-01-01 06:59:00,1970-01-01 17:53:00,1970-01-01 07:00:00,1970-01-01 16:00:00,,,
546.0,2026-04-11 00:00:00,토,휴일,제주지점 물류운영팀,2211565,jeju_13,항만운영5급,1970-01-01 05:55:00,1970-01-01 16:53:00,,,,,
547.0,2026-04-12 00:00:00,일,휴일,제주지점 물류운영팀,2211565,jeju_13,항만운영5급,1970-01-01 05:39:00,1970-01-01 12:10:00,,,,,
548.0,2026-04-13 00:00:00,월,평일,제주지점 물류운영팀,2211565,jeju_13,항만운영5급,1970-01-01 07:26:00,1970-01-01 18:03:00,1970-01-01 07:30:00,1970-01-01 16:30:00,,,
549.0,2026-04-14 00:00:00,화,평일,제주지점 물류운영팀,2211565,jeju_13,항만운영5급,1970-01-01 05:43:00,1970-01-01 18:32:00,1970-01-01 08:00:00,1970-01-01 17:00:00,,,
550.0,2026-04-15 00:00:00,수,평일,제주지점 물류운영팀,2211565,jeju_13,항만운영5급,1970-01-01 06:57:00,1970-01-01 18:09:00,1970-01-01 07:00:00,1970-01-01 16:00:00,,,
551.0,2026-04-16 00:00:00,목,평일,제주지점 물류운영팀,2211565,jeju_13,항만운영5급,1970-01-01 06:00:00,1970-01-01 18:50:00,1970-01-01 08:00:00,1970-01-01 17:00:00,,,
552.0,2026-04-17 00:00:00,금,평일,제주지점 물류운영팀,2211565,jeju_13,항만운영5급,1970-01-01 06:51:00,1970-01-01 18:09:00,1970-01-01 07:00:00,1970-01-01 16:00:00,,,
553.0,2026-04-18 00:00:00,토,평일,제주지점 물류운영팀,2211565,jeju_13,항만운영5급,1970-01-01 06:56:00,1970-01-01 17:40:00,1970-01-01 07:00:00,1970-01-01 16:00:00,,,
554.0,2026-04-19 00:00:00,일,휴일,제주지점 물류운영팀,2211565,jeju_13,항만운영5급,,,,,,,
555.0,2026-04-20 00:00:00,월,평일,제주지점 물류운영팀,2211565,jeju_13,항만운영5급,,,,,연차,,
556.0,2026-04-21 00:00:00,화,평일,제주지점 물류운영팀,2211565,jeju_13,항만운영5급,1970-01-01 07:09:00,1970-01-01 18:51:00,1970-01-01 07:15:00,1970-01-01 16:15:00,,,
557.0,2026-04-22 00:00:00,수,평일,제주지점 물류운영팀,2211565,jeju_13,항만운영5급,,,,,연차,,
558.0,2026-04-23 00:00:00,목,평일,제주지점 물류운영팀,2211565,jeju_13,항만운영5급,1970-01-01 07:04:00,1970-01-01 18:23:00,1970-01-01 07:15:00,1970-01-01 16:15:00,,,
559.0,2026-04-24 00:00:00,금,평일,제주지점 물류운영팀,2211565,jeju_13,항만운영5급,1970-01-01 06:52:00,1970-01-01 18:15:00,1970-01-01 07:00:00,1970-01-01 16:00:00,,,
560.0,2026-04-25 00:00:00,토,휴일,제주지점 물류운영팀,2211565,jeju_13,항만운영5급,1970-01-01 05:05:00,1970-01-01 16:52:00,,,,,
561.0,2026-04-26 00:00:00,일,휴일,제주지점 물류운영팀,2211565,jeju_13,항만운영5급,,,,,,,
562.0,2026-04-27 00:00:00,월,평일,제주지점 물류운영팀,2211565,jeju_13,항만운영5급,,1970-01-01 18:22:00,1970-01-01 08:00:00,1970-01-01 17:00:00,,체크누락,08:00
563.0,2026-04-28 00:00:00,화,평일,제주지점 물류운영팀,2211565,jeju_13,항만운영5급,1970-01-01 06:49:00,1970-01-01 18:21:00,1970-01-01 07:00:00,1970-01-01 16:00:00,,,
564.0,2026-04-29 00:00:00,수,평일,제주지점 물류운영팀,2211565,jeju_13,항만운영5급,1970-01-01 07:11:00,1970-01-01 18:40:00,1970-01-01 07:15:00,1970-01-01 16:15:00,,,
565.0,2026-04-30 00:00:00,목,평일,제주지점 물류운영팀,2211565,jeju_13,항만운영5급,1970-01-01 07:20:00,1970-01-01 18:52:00,1970-01-01 07:30:00,1970-01-01 16:30:00,,,
566.0,2026-04-01 00:00:00,수,평일,제주지점 물류운영팀,2211624,jeju_14,항만운영5급,1970-01-01 06:29:00,1970-01-01 22:12:00,1970-01-01 08:00:00,1970-01-01 17:00:00,,,
567.0,2026-04-02 00:00:00,목,평일,제주지점 물류운영팀,2211624,jeju_14,항만운영5급,1970-01-01 08:50:00,1970-01-01 18:01:00,1970-01-01 09:00:00,1970-01-01 18:00:00,,,
568.0,2026-04-03 00:00:00,금,평일,제주지점 물류운영팀,2211624,jeju_14,항만운영5급,1970-01-01 06:47:00,1970-01-01 17:32:00,1970-01-01 07:00:00,1970-01-01 16:00:00,,,
569.0,2026-04-04 00:00:00,토,휴일,제주지점 물류운영팀,2211624,jeju_14,항만운영5급,1970-01-01 06:35:00,1970-01-01 16:31:00,,,,,
570.0,2026-04-05 00:00:00,일,휴일,제주지점 물류운영팀,2211624,jeju_14,항만운영5급,1970-01-01 06:25:00,1970-01-01 12:05:00,,,,,
571.0,2026-04-06 00:00:00,월,평일,제주지점 물류운영팀,2211624,jeju_14,항만운영5급,1970-01-01 07:27:00,1970-01-01 17:50:00,1970-01-01 07:30:00,1970-01-01 16:30:00,,,
572.0,2026-04-07 00:00:00,화,평일,제주지점 물류운영팀,2211624,jeju_14,항만운영5급,1970-01-01 06:24:00,1970-01-01 17:39:00,1970-01-01 08:00:00,1970-01-01 17:00:00,,,
573.0,2026-04-08 00:00:00,수,평일,제주지점 물류운영팀,2211624,jeju_14,항만운영5급,1970-01-01 06:59:00,1970-01-01 17:27:00,1970-01-01 07:00:00,1970-01-01 16:00:00,,,
574.0,2026-04-09 00:00:00,목,평일,제주지점 물류운영팀,2211624,jeju_14,항만운영5급,1970-01-01 06:52:00,1970-01-01 17:00:00,1970-01-01 07:00:00,1970-01-01 16:00:00,,,
575.0,2026-04-10 00:00:00,금,평일,제주지점 물류운영팀,2211624,jeju_14,항만운영5급,1970-01-01 06:50:00,1970-01-01 17:11:00,1970-01-01 07:00:00,1970-01-01 16:00:00,,,
576.0,2026-04-11 00:00:00,토,휴일,제주지점 물류운영팀,2211624,jeju_14,항만운영5급,1970-01-01 06:20:00,1970-01-01 16:45:00,,,,,
577.0,2026-04-12 00:00:00,일,휴일,제주지점 물류운영팀,2211624,jeju_14,항만운영5급,,,,,,,
578.0,2026-04-13 00:00:00,월,평일,제주지점 물류운영팀,2211624,jeju_14,항만운영5급,1970-01-01 07:19:00,1970-01-01 17:39:00,1970-01-01 07:30:00,1970-01-01 16:30:00,,,
579.0,2026-04-14 00:00:00,화,평일,제주지점 물류운영팀,2211624,jeju_14,항만운영5급,1970-01-01 06:38:00,1970-01-01 17:24:00,1970-01-01 08:00:00,1970-01-01 17:00:00,,,
580.0,2026-04-15 00:00:00,수,평일,제주지점 물류운영팀,2211624,jeju_14,항만운영5급,1970-01-01 07:00:00,1970-01-01 17:24:00,1970-01-01 07:00:00,1970-01-01 16:00:00,,,
581.0,2026-04-16 00:00:00,목,평일,제주지점 물류운영팀,2211624,jeju_14,항만운영5급,1970-01-01 06:40:00,1970-01-01 17:45:00,1970-01-01 08:00:00,1970-01-01 17:00:00,,,
582.0,2026-04-17 00:00:00,금,평일,제주지점 물류운영팀,2211624,jeju_14,항만운영5급,1970-01-01 06:33:00,1970-01-01 12:12:00,1970-01-01 08:00:00,1970-01-01 17:00:00,반일예비군훈련,,
583.0,2026-04-18 00:00:00,토,휴일,제주지점 물류운영팀,2211624,jeju_14,항만운영5급,1970-01-01 06:33:00,1970-01-01 16:38:00,,,,,
584.0,2026-04-19 00:00:00,일,휴일,제주지점 물류운영팀,2211624,jeju_14,항만운영5급,,,,,,,
585.0,2026-04-20 00:00:00,월,평일,제주지점 물류운영팀,2211624,jeju_14,항만운영5급,1970-01-01 07:16:00,1970-01-01 17:19:00,1970-01-01 07:30:00,1970-01-01 16:30:00,,,
586.0,2026-04-21 00:00:00,화,평일,제주지점 물류운영팀,2211624,jeju_14,항만운영5급,1970-01-01 06:53:00,1970-01-01 17:11:00,1970-01-01 07:00:00,1970-01-01 16:00:00,,,
587.0,2026-04-22 00:00:00,수,평일,제주지점 물류운영팀,2211624,jeju_14,항만운영5급,1970-01-01 06:38:00,1970-01-01 17:16:00,1970-01-01 08:00:00,1970-01-01 17:00:00,,,
588.0,2026-04-23 00:00:00,목,평일,제주지점 물류운영팀,2211624,jeju_14,항만운영5급,1970-01-01 06:42:00,1970-01-01 17:24:00,1970-01-01 08:00:00,1970-01-01 17:00:00,,,
589.0,2026-04-24 00:00:00,금,평일,제주지점 물류운영팀,2211624,jeju_14,항만운영5급,1970-01-01 06:38:00,1970-01-01 17:27:00,1970-01-01 08:00:00,1970-01-01 17:00:00,,,
590.0,2026-04-25 00:00:00,토,휴일,제주지점 물류운영팀,2211624,jeju_14,항만운영5급,1970-01-01 06:32:00,1970-01-01 16:54:00,,,,,
591.0,2026-04-26 00:00:00,일,휴일,제주지점 물류운영팀,2211624,jeju_14,항만운영5급,,,,,,,
592.0,2026-04-27 00:00:00,월,평일,제주지점 물류운영팀,2211624,jeju_14,항만운영5급,,,,,연차,,
593.0,2026-04-28 00:00:00,화,평일,제주지점 물류운영팀,2211624,jeju_14,항만운영5급,1970-01-01 06:41:00,1970-01-01 17:52:00,1970-01-01 08:00:00,1970-01-01 17:00:00,,,
594.0,2026-04-29 00:00:00,수,평일,제주지점 물류운영팀,2211624,jeju_14,항만운영5급,1970-01-01 06:37:00,1970-01-01 17:25:00,1970-01-01 08:00:00,1970-01-01 17:00:00,,,
595.0,2026-04-30 00:00:00,목,평일,제주지점 물류운영팀,2211624,jeju_14,항만운영5급,1970-01-01 06:36:00,1970-01-01 17:54:00,1970-01-01 08:00:00,1970-01-01 17:00:00,,,
596.0,2026-04-01 00:00:00,수,평일,제주지점 물류운영팀,2310431,jeju_16,항만운영5급,1970-01-01 06:50:00,1970-01-01 18:16:00,1970-01-01 07:00:00,1970-01-01 16:00:00,,,
597.0,2026-04-02 00:00:00,목,평일,제주지점 물류운영팀,2310431,jeju_16,항만운영5급,1970-01-01 06:12:00,1970-01-01 19:02:00,1970-01-01 08:00:00,1970-01-01 17:00:00,,,
598.0,2026-04-03 00:00:00,금,평일,제주지점 물류운영팀,2310431,jeju_16,항만운영5급,1970-01-01 06:50:00,1970-01-01 18:18:00,1970-01-01 07:00:00,1970-01-01 16:00:00,,,
599.0,2026-04-04 00:00:00,토,휴일,제주지점 물류운영팀,2310431,jeju_16,항만운영5급,1970-01-01 06:40:00,1970-01-01 19:47:00,,,,,
600.0,2026-04-05 00:00:00,일,휴일,제주지점 물류운영팀,2310431,jeju_16,항만운영5급,,,,,,,
601.0,2026-04-06 00:00:00,월,평일,제주지점 물류운영팀,2310431,jeju_16,항만운영5급,,,,,연차,,
602.0,2026-04-07 00:00:00,화,평일,제주지점 물류운영팀,2310431,jeju_16,항만운영5급,1970-01-01 07:32:00,1970-01-01 18:40:00,1970-01-01 07:45:00,1970-01-01 16:45:00,,,
603.0,2026-04-08 00:00:00,수,평일,제주지점 물류운영팀,2310431,jeju_16,항만운영5급,1970-01-01 07:02:00,1970-01-01 18:19:00,1970-01-01 07:15:00,1970-01-01 16:15:00,,,
604.0,2026-04-09 00:00:00,목,평일,제주지점 물류운영팀,2310431,jeju_16,항만운영5급,1970-01-01 06:20:00,1970-01-01 18:55:00,1970-01-01 08:00:00,1970-01-01 17:00:00,,,
605.0,2026-04-10 00:00:00,금,평일,제주지점 물류운영팀,2310431,jeju_16,항만운영5급,1970-01-01 07:08:00,1970-01-01 17:17:00,1970-01-01 07:15:00,1970-01-01 16:15:00,,,
606.0,2026-04-11 00:00:00,토,휴일,제주지점 물류운영팀,2310431,jeju_16,항만운영5급,1970-01-01 06:06:00,1970-01-01 18:27:00,,,,,
607.0,2026-04-12 00:00:00,일,휴일,제주지점 물류운영팀,2310431,jeju_16,항만운영5급,,,,,,,
608.0,2026-04-13 00:00:00,월,평일,제주지점 물류운영팀,2310431,jeju_16,항만운영5급,1970-01-01 07:19:00,1970-01-01 18:47:00,1970-01-01 07:30:00,1970-01-01 16:30:00,,,
609.0,2026-04-14 00:00:00,화,평일,제주지점 물류운영팀,2310431,jeju_16,항만운영5급,1970-01-01 06:34:00,1970-01-01 18:46:00,1970-01-01 08:00:00,1970-01-01 17:00:00,,,
610.0,2026-04-15 00:00:00,수,평일,제주지점 물류운영팀,2310431,jeju_16,항만운영5급,1970-01-01 05:55:00,1970-01-01 19:27:00,1970-01-01 08:00:00,1970-01-01 17:00:00,,,
611.0,2026-04-16 00:00:00,목,평일,제주지점 물류운영팀,2310431,jeju_16,항만운영5급,1970-01-01 07:03:00,1970-01-01 18:34:00,1970-01-01 07:15:00,1970-01-01 16:15:00,,,
612.0,2026-04-17 00:00:00,금,평일,제주지점 물류운영팀,2310431,jeju_16,항만운영5급,1970-01-01 05:36:00,1970-01-01 18:16:00,1970-01-01 08:00:00,1970-01-01 17:00:00,,,
613.0,2026-04-18 00:00:00,토,평일,제주지점 물류운영팀,2310431,jeju_16,항만운영5급,1970-01-01 07:13:00,1970-01-01 16:50:00,1970-01-01 07:15:00,1970-01-01 16:15:00,,,
614.0,2026-04-19 00:00:00,일,휴일,제주지점 물류운영팀,2310431,jeju_16,항만운영5급,1970-01-01 05:39:00,1970-01-01 17:47:00,,,,,
615.0,2026-04-20 00:00:00,월,평일,제주지점 물류운영팀,2310431,jeju_16,항만운영5급,1970-01-01 06:51:00,1970-01-01 18:47:00,1970-01-01 07:00:00,1970-01-01 16:00:00,,,
616.0,2026-04-21 00:00:00,화,평일,제주지점 물류운영팀,2310431,jeju_16,항만운영5급,1970-01-01 07:02:00,1970-01-01 18:38:00,1970-01-01 07:15:00,1970-01-01 16:15:00,,,
617.0,2026-04-22 00:00:00,수,평일,제주지점 물류운영팀,2310431,jeju_16,항만운영5급,1970-01-01 07:04:00,,1970-01-01 07:15:00,1970-01-01 16:15:00,,체크누락,19:30
618.0,2026-04-23 00:00:00,목,평일,제주지점 물류운영팀,2310431,jeju_16,항만운영5급,1970-01-01 06:56:00,1970-01-01 18:20:00,1970-01-01 07:00:00,1970-01-01 16:00:00,,,
619.0,2026-04-24 00:00:00,금,평일,제주지점 물류운영팀,2310431,jeju_16,항만운영5급,1970-01-01 05:35:00,1970-01-01 18:16:00,1970-01-01 08:00:00,1970-01-01 17:00:00,,,
620.0,2026-04-25 00:00:00,토,휴일,제주지점 물류운영팀,2310431,jeju_16,항만운영5급,,,,,,,
621.0,2026-04-26 00:00:00,일,휴일,제주지점 물류운영팀,2310431,jeju_16,항만운영5급,,,,,,,
622.0,2026-04-27 00:00:00,월,평일,제주지점 물류운영팀,2310431,jeju_16,항만운영5급,1970-01-01 07:00:00,1970-01-01 11:39:00,1970-01-01 07:00:00,1970-01-01 16:00:00,반일예비군훈련,,
623.0,2026-04-28 00:00:00,화,평일,제주지점 물류운영팀,2310431,jeju_16,항만운영5급,1970-01-01 07:03:00,1970-01-01 18:19:00,1970-01-01 07:15:00,1970-01-01 16:15:00,,,
624.0,2026-04-29 00:00:00,수,평일,제주지점 물류운영팀,2310431,jeju_16,항만운영5급,1970-01-01 07:04:00,1970-01-01 18:45:00,1970-01-01 07:15:00,1970-01-01 16:15:00,,,
625.0,2026-04-30 00:00:00,목,평일,제주지점 물류운영팀,2310431,jeju_16,항만운영5급,1970-01-01 07:10:00,1970-01-01 18:57:00,1970-01-01 07:15:00,1970-01-01 16:15:00,,,
626.0,2026-04-01 00:00:00,수,평일,제주지점 물류운영팀,2511692,jeju_19,항만운영5급,1970-01-01 07:02:00,1970-01-01 18:16:00,1970-01-01 07:15:00,1970-01-01 16:15:00,,,
627.0,2026-04-02 00:00:00,목,평일,제주지점 물류운영팀,2511692,jeju_19,항만운영5급,1970-01-01 06:00:00,1970-01-01 18:36:00,1970-01-01 08:00:00,1970-01-01 17:00:00,,,
628.0,2026-04-03 00:00:00,금,평일,제주지점 물류운영팀,2511692,jeju_19,항만운영5급,,1970-01-01 18:12:00,1970-01-01 08:00:00,1970-01-01 17:00:00,,체크누락,08:00
629.0,2026-04-04 00:00:00,토,평일,제주지점 물류운영팀,2511692,jeju_19,항만운영5급,1970-01-01 07:01:00,1970-01-01 16:48:00,1970-01-01 07:15:00,1970-01-01 16:15:00,,,
630.0,2026-04-05 00:00:00,일,휴일,제주지점 물류운영팀,2511692,jeju_19,항만운영5급,,,,,,,
631.0,2026-04-06 00:00:00,월,평일,제주지점 물류운영팀,2511692,jeju_19,항만운영5급,1970-01-01 05:20:00,1970-01-01 18:55:00,1970-01-01 08:00:00,1970-01-01 17:00:00,,,
632.0,2026-04-07 00:00:00,화,평일,제주지점 물류운영팀,2511692,jeju_19,항만운영5급,1970-01-01 07:18:00,1970-01-01 19:48:00,1970-01-01 07:30:00,1970-01-01 16:30:00,,,
633.0,2026-04-08 00:00:00,수,평일,제주지점 물류운영팀,2511692,jeju_19,항만운영5급,,1970-01-01 18:24:00,1970-01-01 08:00:00,1970-01-01 17:00:00,,체크누락,08:00
634.0,2026-04-09 00:00:00,목,평일,제주지점 물류운영팀,2511692,jeju_19,항만운영5급,1970-01-01 05:29:00,1970-01-01 18:13:00,1970-01-01 08:00:00,1970-01-01 17:00:00,,,
635.0,2026-04-10 00:00:00,금,평일,제주지점 물류운영팀,2511692,jeju_19,항만운영5급,1970-01-01 07:02:00,1970-01-01 18:16:00,1970-01-01 07:15:00,1970-01-01 16:15:00,,,
636.0,2026-04-11 00:00:00,토,평일,제주지점 물류운영팀,2511692,jeju_19,항만운영5급,1970-01-01 07:10:00,1970-01-01 16:55:00,1970-01-01 07:15:00,1970-01-01 16:15:00,,,
637.0,2026-04-12 00:00:00,일,휴일,제주지점 물류운영팀,2511692,jeju_19,항만운영5급,,,,,,,
638.0,2026-04-13 00:00:00,월,평일,제주지점 물류운영팀,2511692,jeju_19,항만운영5급,1970-01-01 07:23:00,1970-01-01 18:03:00,1970-01-01 07:30:00,1970-01-01 16:30:00,,,
639.0,2026-04-14 00:00:00,화,평일,제주지점 물류운영팀,2511692,jeju_19,항만운영5급,1970-01-01 06:59:00,1970-01-01 18:30:00,1970-01-01 07:00:00,1970-01-01 16:00:00,,,
640.0,2026-04-15 00:00:00,수,평일,제주지점 물류운영팀,2511692,jeju_19,항만운영5급,,1970-01-01 18:08:00,1970-01-01 08:00:00,1970-01-01 17:00:00,,체크누락,08:00
641.0,2026-04-16 00:00:00,목,평일,제주지점 물류운영팀,2511692,jeju_19,항만운영5급,1970-01-01 06:40:00,1970-01-01 18:47:00,1970-01-01 08:00:00,1970-01-01 17:00:00,,,
642.0,2026-04-17 00:00:00,금,평일,제주지점 물류운영팀,2511692,jeju_19,항만운영5급,1970-01-01 07:01:00,1970-01-01 18:16:00,1970-01-01 07:15:00,1970-01-01 16:15:00,,,
643.0,2026-04-18 00:00:00,토,평일,제주지점 물류운영팀,2511692,jeju_19,항만운영5급,1970-01-01 06:58:00,1970-01-01 17:43:00,1970-01-01 07:00:00,1970-01-01 16:00:00,,,
644.0,2026-04-19 00:00:00,일,휴일,제주지점 물류운영팀,2511692,jeju_19,항만운영5급,1970-01-01 13:08:00,1970-01-01 17:48:00,,,,,
645.0,2026-04-20 00:00:00,월,평일,제주지점 물류운영팀,2511692,jeju_19,항만운영5급,,,,,연차,,
646.0,2026-04-21 00:00:00,화,평일,제주지점 물류운영팀,2511692,jeju_19,항만운영5급,1970-01-01 07:03:00,1970-01-01 18:38:00,1970-01-01 07:15:00,1970-01-01 16:15:00,,,
647.0,2026-04-22 00:00:00,수,평일,제주지점 물류운영팀,2511692,jeju_19,항만운영5급,1970-01-01 07:14:00,1970-01-01 19:10:00,1970-01-01 07:15:00,1970-01-01 16:15:00,,,
648.0,2026-04-23 00:00:00,목,평일,제주지점 물류운영팀,2511692,jeju_19,항만운영5급,,1970-01-01 18:25:00,1970-01-01 08:00:00,1970-01-01 17:00:00,,체크누락,08:00
649.0,2026-04-24 00:00:00,금,평일,제주지점 물류운영팀,2511692,jeju_19,항만운영5급,1970-01-01 07:04:00,1970-01-01 18:16:00,1970-01-01 07:15:00,1970-01-01 16:15:00,,,
650.0,2026-04-25 00:00:00,토,평일,제주지점 물류운영팀,2511692,jeju_19,항만운영5급,1970-01-01 06:59:00,1970-01-01 17:00:00,1970-01-01 07:00:00,1970-01-01 16:00:00,,,
651.0,2026-04-26 00:00:00,일,휴일,제주지점 물류운영팀,2511692,jeju_19,항만운영5급,1970-01-01 06:23:00,1970-01-01 18:07:00,,,,,
652.0,2026-04-27 00:00:00,월,평일,제주지점 물류운영팀,2511692,jeju_19,항만운영5급,1970-01-01 07:07:00,1970-01-01 18:22:00,1970-01-01 07:15:00,1970-01-01 16:15:00,,,
653.0,2026-04-28 00:00:00,화,평일,제주지점 물류운영팀,2511692,jeju_19,항만운영5급,1970-01-01 06:16:00,1970-01-01 18:18:00,1970-01-01 08:00:00,1970-01-01 17:00:00,,,
654.0,2026-04-29 00:00:00,수,평일,제주지점 물류운영팀,2511692,jeju_19,항만운영5급,1970-01-01 06:58:00,1970-01-01 18:46:00,1970-01-01 07:00:00,1970-01-01 16:00:00,,,
655.0,2026-04-30 00:00:00,목,평일,제주지점 물류운영팀,2511692,jeju_19,항만운영5급,1970-01-01 07:30:00,1970-01-01 18:53:00,1970-01-01 07:30:00,1970-01-01 16:30:00,,,
656.0,2026-04-01 00:00:00,수,평일,제주지점 물류운영팀,2610322,jeju_20,항만운영5급,1970-01-01 07:40:00,1970-01-01 17:03:00,1970-01-01 07:45:00,1970-01-01 16:45:00,,,
657.0,2026-04-02 00:00:00,목,평일,제주지점 물류운영팀,2610322,jeju_20,항만운영5급,1970-01-01 06:26:00,1970-01-01 19:03:00,1970-01-01 08:00:00,1970-01-01 17:00:00,,,
658.0,2026-04-03 00:00:00,금,평일,제주지점 물류운영팀,2610322,jeju_20,항만운영5급,1970-01-01 07:38:00,1970-01-01 17:00:00,1970-01-01 07:45:00,1970-01-01 16:45:00,,,
659.0,2026-04-04 00:00:00,토,평일,제주지점 물류운영팀,2610322,jeju_20,항만운영5급,1970-01-01 07:27:00,1970-01-01 19:47:00,1970-01-01 07:30:00,1970-01-01 16:30:00,,,
660.0,2026-04-05 00:00:00,일,휴일,제주지점 물류운영팀,2610322,jeju_20,항만운영5급,,,,,,,
661.0,2026-04-06 00:00:00,월,평일,제주지점 물류운영팀,2610322,jeju_20,항만운영5급,1970-01-01 07:36:00,1970-01-01 17:46:00,1970-01-01 07:45:00,1970-01-01 16:45:00,,,
662.0,2026-04-07 00:00:00,화,평일,제주지점 물류운영팀,2610322,jeju_20,항만운영5급,1970-01-01 06:26:00,1970-01-01 18:38:00,1970-01-01 08:00:00,1970-01-01 17:00:00,,,
663.0,2026-04-08 00:00:00,수,평일,제주지점 물류운영팀,2610322,jeju_20,항만운영5급,1970-01-01 07:39:00,1970-01-01 17:01:00,1970-01-01 07:45:00,1970-01-01 16:45:00,,,
664.0,2026-04-09 00:00:00,목,평일,제주지점 물류운영팀,2610322,jeju_20,항만운영5급,,1970-01-01 18:56:00,1970-01-01 08:00:00,1970-01-01 17:00:00,,체크누락,08:00
665.0,2026-04-10 00:00:00,금,평일,제주지점 물류운영팀,2610322,jeju_20,항만운영5급,1970-01-01 07:42:00,1970-01-01 17:01:00,1970-01-01 07:45:00,1970-01-01 16:45:00,,,
666.0,2026-04-11 00:00:00,토,휴일,제주지점 물류운영팀,2610322,jeju_20,항만운영5급,1970-01-01 06:28:00,1970-01-01 18:19:00,,,,,
667.0,2026-04-12 00:00:00,일,휴일,제주지점 물류운영팀,2610322,jeju_20,항만운영5급,,,,,,,
668.0,2026-04-13 00:00:00,월,평일,제주지점 물류운영팀,2610322,jeju_20,항만운영5급,1970-01-01 06:26:00,1970-01-01 18:46:00,1970-01-01 08:00:00,1970-01-01 17:00:00,,,
669.0,2026-04-14 00:00:00,화,평일,제주지점 물류운영팀,2610322,jeju_20,항만운영5급,1970-01-01 07:37:00,1970-01-01 17:47:00,1970-01-01 07:45:00,1970-01-01 16:45:00,,,
670.0,2026-04-15 00:00:00,수,평일,제주지점 물류운영팀,2610322,jeju_20,항만운영5급,1970-01-01 06:28:00,1970-01-01 19:29:00,1970-01-01 08:00:00,1970-01-01 17:00:00,,,
671.0,2026-04-16 00:00:00,목,평일,제주지점 물류운영팀,2610322,jeju_20,항만운영5급,1970-01-01 06:26:00,1970-01-01 17:05:00,1970-01-01 08:00:00,1970-01-01 17:00:00,,,
672.0,2026-04-17 00:00:00,금,평일,제주지점 물류운영팀,2610322,jeju_20,항만운영5급,1970-01-01 07:25:00,1970-01-01 18:16:00,1970-01-01 07:30:00,1970-01-01 16:30:00,,,
673.0,2026-04-18 00:00:00,토,휴일,제주지점 물류운영팀,2610322,jeju_20,항만운영5급,1970-01-01 06:25:00,1970-01-01 16:39:00,,,,,
674.0,2026-04-19 00:00:00,일,휴일,제주지점 물류운영팀,2610322,jeju_20,항만운영5급,,,,,,,
675.0,2026-04-20 00:00:00,월,평일,제주지점 물류운영팀,2610322,jeju_20,항만운영5급,1970-01-01 05:49:00,1970-01-01 18:42:00,1970-01-01 08:00:00,1970-01-01 17:00:00,,,
676.0,2026-04-21 00:00:00,화,평일,제주지점 물류운영팀,2610322,jeju_20,항만운영5급,1970-01-01 06:34:00,1970-01-01 17:01:00,1970-01-01 08:00:00,1970-01-01 17:00:00,,,
677.0,2026-04-22 00:00:00,수,평일,제주지점 물류운영팀,2610322,jeju_20,항만운영5급,1970-01-01 06:31:00,1970-01-01 19:41:00,1970-01-01 08:00:00,1970-01-01 17:00:00,,,
678.0,2026-04-23 00:00:00,목,평일,제주지점 물류운영팀,2610322,jeju_20,항만운영5급,1970-01-01 07:49:00,1970-01-01 17:00:00,1970-01-01 08:00:00,1970-01-01 17:00:00,,,
679.0,2026-04-24 00:00:00,금,평일,제주지점 물류운영팀,2610322,jeju_20,항만운영5급,1970-01-01 07:28:00,1970-01-01 18:16:00,1970-01-01 07:30:00,1970-01-01 16:30:00,,,
680.0,2026-04-25 00:00:00,토,평일,제주지점 물류운영팀,2610322,jeju_20,항만운영5급,1970-01-01 07:35:00,1970-01-01 17:30:00,1970-01-01 07:45:00,1970-01-01 16:45:00,,,
681.0,2026-04-26 00:00:00,일,휴일,제주지점 물류운영팀,2610322,jeju_20,항만운영5급,,,,,,,
682.0,2026-04-27 00:00:00,월,평일,제주지점 물류운영팀,2610322,jeju_20,항만운영5급,1970-01-01 05:57:00,1970-01-01 18:28:00,1970-01-01 08:00:00,1970-01-01 17:00:00,,,
683.0,2026-04-28 00:00:00,화,평일,제주지점 물류운영팀,2610322,jeju_20,항만운영5급,1970-01-01 06:28:00,1970-01-01 17:48:00,1970-01-01 08:00:00,1970-01-01 17:00:00,,,
684.0,2026-04-29 00:00:00,수,평일,제주지점 물류운영팀,2610322,jeju_20,항만운영5급,1970-01-01 06:44:00,1970-01-01 18:49:00,1970-01-01 08:00:00,1970-01-01 17:00:00,,,
685.0,2026-04-30 00:00:00,목,평일,제주지점 물류운영팀,2610322,jeju_20,항만운영5급,1970-01-01 06:33:00,1970-01-01 17:51:00,1970-01-01 08:00:00,1970-01-01 17:00:00,,,
686.0,2026-04-01 00:00:00,수,평일,제주지점 물류운영팀,2610344,jeju_21,항만운영5급,1970-01-01 06:59:00,1970-01-01 18:10:00,1970-01-01 07:00:00,1970-01-01 16:00:00,,,
687.0,2026-04-02 00:00:00,목,평일,제주지점 물류운영팀,2610344,jeju_21,항만운영5급,1970-01-01 06:52:00,,1970-01-01 07:00:00,1970-01-01 16:00:00,,체크누락,18:30
688.0,2026-04-03 00:00:00,금,평일,제주지점 물류운영팀,2610344,jeju_21,항만운영5급,1970-01-01 07:00:00,,1970-01-01 07:00:00,1970-01-01 16:00:00,,체크누락,18:00
689.0,2026-04-04 00:00:00,토,평일,제주지점 물류운영팀,2610344,jeju_21,항만운영5급,1970-01-01 06:59:00,1970-01-01 16:46:00,1970-01-01 07:00:00,1970-01-01 16:00:00,,,
690.0,2026-04-05 00:00:00,일,휴일,제주지점 물류운영팀,2610344,jeju_21,항만운영5급,,,,,,,
691.0,2026-04-06 00:00:00,월,평일,제주지점 물류운영팀,2610344,jeju_21,항만운영5급,1970-01-01 07:12:00,1970-01-01 18:55:00,1970-01-01 07:15:00,1970-01-01 16:15:00,,,
692.0,2026-04-07 00:00:00,화,평일,제주지점 물류운영팀,2610344,jeju_21,항만운영5급,1970-01-01 06:57:00,,1970-01-01 07:00:00,1970-01-01 16:00:00,,체크누락,20:00
693.0,2026-04-08 00:00:00,수,평일,제주지점 물류운영팀,2610344,jeju_21,항만운영5급,1970-01-01 06:59:00,1970-01-01 18:25:00,1970-01-01 07:00:00,1970-01-01 16:00:00,,,
694.0,2026-04-09 00:00:00,목,평일,제주지점 물류운영팀,2610344,jeju_21,항만운영5급,1970-01-01 06:58:00,,1970-01-01 07:00:00,1970-01-01 16:00:00,,체크누락,18:30
695.0,2026-04-10 00:00:00,금,평일,제주지점 물류운영팀,2610344,jeju_21,항만운영5급,1970-01-01 06:57:00,1970-01-01 17:58:00,1970-01-01 07:00:00,1970-01-01 16:00:00,,,
696.0,2026-04-11 00:00:00,토,평일,제주지점 물류운영팀,2610344,jeju_21,항만운영5급,1970-01-01 06:59:00,1970-01-01 16:53:00,1970-01-01 07:00:00,1970-01-01 16:00:00,,,
697.0,2026-04-12 00:00:00,일,휴일,제주지점 물류운영팀,2610344,jeju_21,항만운영5급,,,,,,,
698.0,2026-04-13 00:00:00,월,평일,제주지점 물류운영팀,2610344,jeju_21,항만운영5급,1970-01-01 06:52:00,1970-01-01 18:03:00,1970-01-01 07:00:00,1970-01-01 16:00:00,,,
699.0,2026-04-14 00:00:00,화,평일,제주지점 물류운영팀,2610344,jeju_21,항만운영5급,1970-01-01 07:03:00,1970-01-01 18:32:00,1970-01-01 07:15:00,1970-01-01 16:15:00,,,
700.0,2026-04-15 00:00:00,수,평일,제주지점 물류운영팀,2610344,jeju_21,항만운영5급,1970-01-01 07:03:00,1970-01-01 18:08:00,1970-01-01 07:15:00,1970-01-01 16:15:00,,,
701.0,2026-04-16 00:00:00,목,평일,제주지점 물류운영팀,2610344,jeju_21,항만운영5급,1970-01-01 07:00:00,1970-01-01 18:45:00,1970-01-01 07:00:00,1970-01-01 16:00:00,,,
702.0,2026-04-17 00:00:00,금,평일,제주지점 물류운영팀,2610344,jeju_21,항만운영5급,1970-01-01 07:02:00,1970-01-01 18:33:00,1970-01-01 07:15:00,1970-01-01 16:15:00,,,
703.0,2026-04-18 00:00:00,토,평일,제주지점 물류운영팀,2610344,jeju_21,항만운영5급,1970-01-01 06:56:00,1970-01-01 17:46:00,1970-01-01 07:00:00,1970-01-01 16:00:00,,,
704.0,2026-04-19 00:00:00,일,휴일,제주지점 물류운영팀,2610344,jeju_21,항만운영5급,,,,,,,
705.0,2026-04-20 00:00:00,월,평일,제주지점 물류운영팀,2610344,jeju_21,항만운영5급,1970-01-01 06:59:00,1970-01-01 17:55:00,1970-01-01 07:00:00,1970-01-01 16:00:00,,,
706.0,2026-04-21 00:00:00,화,평일,제주지점 물류운영팀,2610344,jeju_21,항만운영5급,1970-01-01 07:11:00,1970-01-01 18:23:00,1970-01-01 07:15:00,1970-01-01 16:15:00,,,
707.0,2026-04-22 00:00:00,수,평일,제주지점 물류운영팀,2610344,jeju_21,항만운영5급,1970-01-01 06:59:00,1970-01-01 18:48:00,1970-01-01 07:00:00,1970-01-01 16:00:00,,,
708.0,2026-04-23 00:00:00,목,평일,제주지점 물류운영팀,2610344,jeju_21,항만운영5급,1970-01-01 06:57:00,1970-01-01 18:25:00,1970-01-01 07:00:00,1970-01-01 16:00:00,,,
709.0,2026-04-24 00:00:00,금,평일,제주지점 물류운영팀,2610344,jeju_21,항만운영5급,1970-01-01 06:55:00,1970-01-01 18:15:00,1970-01-01 07:00:00,1970-01-01 16:00:00,,,
710.0,2026-04-25 00:00:00,토,평일,제주지점 물류운영팀,2610344,jeju_21,항만운영5급,1970-01-01 06:55:00,1970-01-01 17:01:00,1970-01-01 07:00:00,1970-01-01 16:00:00,,,
711.0,2026-04-26 00:00:00,일,휴일,제주지점 물류운영팀,2610344,jeju_21,항만운영5급,,,,,,,
712.0,2026-04-27 00:00:00,월,평일,제주지점 물류운영팀,2610344,jeju_21,항만운영5급,1970-01-01 06:51:00,1970-01-01 18:12:00,1970-01-01 07:00:00,1970-01-01 16:00:00,,,
713.0,2026-04-28 00:00:00,화,평일,제주지점 물류운영팀,2610344,jeju_21,항만운영5급,1970-01-01 06:51:00,1970-01-01 18:16:00,1970-01-01 07:00:00,1970-01-01 16:00:00,,,
714.0,2026-04-29 00:00:00,수,평일,제주지점 물류운영팀,2610344,jeju_21,항만운영5급,1970-01-01 06:58:00,1970-01-01 19:02:00,1970-01-01 07:00:00,1970-01-01 16:00:00,,,
715.0,2026-04-30 00:00:00,목,평일,제주지점 물류운영팀,2610344,jeju_21,항만운영5급,1970-01-01 06:58:00,1970-01-01 19:12:00,1970-01-01 07:00:00,1970-01-01 16:00:00,,,
