No,일자,택배지점,터미널,집배점,비대면 배송완료 사진 전송 대상 건수,비대면 배송완료 사진 전송 건수,미전송 건수,전송률
1.0,20260518,강릉,간성,강원 고성(집),181.0,209.0,-28.0,115.5%
2.0,20260518,강릉,간성,거진(집),56.0,69.0,-13.0,123.2%
3.0,20260518,강릉,강릉,강릉교동(집),614.0,663.0,-49.0,108%
4.0,20260518,강릉,강릉,강릉입암(집),264.0,311.0,-47.0,117.8%
5.0,20260518,강릉,강릉,강릉중앙(집),207.0,213.0,-6.0,102.9%
6.0,20260518,강릉,강릉,강릉홍제(집),244.0,266.0,-22.0,109%
7.0,20260518,강릉,강릉,주문진(집),200.0,223.0,-23.0,111.5%
8.0,20260518,강릉,강릉,포남(집),213.0,234.0,-21.0,109.9%
9.0,20260518,강릉,동해,남동해(집),433.0,453.0,-20.0,104.6%
10.0,20260518,강릉,동해,동해(집),463.0,375.0,88.0,81%
11.0,20260518,강릉,삼척,삼척(집),529.0,518.0,11.0,97.9%
12.0,20260518,강릉,속초,속초설악(집),270.0,306.0,-36.0,113.3%
13.0,20260518,강릉,속초,속초양양(집),776.0,715.0,61.0,92.1%
14.0,20260518,강북,강북,미아(집),1428.0,1568.0,-140.0,109.8%
15.0,20260518,강북,강북,번동(집),318.0,334.0,-16.0,105%
16.0,20260518,강북,고암(노원),노원(집),1594.0,1981.0,-387.0,124.3%
17.0,20260518,강북,고암(노원),중계(집),317.0,380.0,-63.0,119.9%
18.0,20260518,강북,도봉,도봉(집),1024.0,1091.0,-67.0,106.5%
19.0,20260518,강북,도봉,창동(집),685.0,736.0,-51.0,107.4%
20.0,20260518,강북,의정부,가능(집),1355.0,1520.0,-165.0,112.2%
21.0,20260518,강북,의정부,의정부(집),521.0,542.0,-21.0,104%
22.0,20260518,강북,의정부,의정부용현(집),557.0,589.0,-32.0,105.7%
23.0,20260518,강북,의정부,호원(집),742.0,801.0,-59.0,108%
24.0,20260518,강서,강서,강서공항(집),322.0,361.0,-39.0,112.1%
25.0,20260518,강서,강서,마곡(집),194.0,228.0,-34.0,117.5%
26.0,20260518,강서,강서,방화(집),620.0,660.0,-40.0,106.5%
27.0,20260518,강서,강화,강화교동(집),234.0,226.0,8.0,96.6%
28.0,20260518,강서,강화,강화삼산(집),381.0,289.0,92.0,75.9%
29.0,20260518,강서,김포,김포구래(집),1363.0,1370.0,-7.0,100.5%
30.0,20260518,강서,김포,김포장기(집),666.0,736.0,-70.0,110.5%
31.0,20260518,강서,김포2,김포대곶(집),720.0,776.0,-56.0,107.8%
32.0,20260518,강서,김포2,김포마산(집),499.0,595.0,-96.0,119.2%
33.0,20260518,강서,김포2,김포양촌(집),429.0,469.0,-40.0,109.3%
34.0,20260518,강서,김포2,김포운양(집),259.0,316.0,-57.0,122%
35.0,20260518,강서,목동,등촌(집),824.0,888.0,-64.0,107.8%
36.0,20260518,강서,목동,신목동(집),309.0,384.0,-75.0,124.3%
37.0,20260518,강서,신월,목일(집),214.0,241.0,-27.0,112.6%
38.0,20260518,강서,신월,양천신월(집),708.0,711.0,-3.0,100.4%
39.0,20260518,강서,신월,화곡(집),1079.0,1172.0,-93.0,108.6%
40.0,20260518,강서,양천,신목(집),166.0,186.0,-20.0,112%
41.0,20260518,강서,양천,신정(집),738.0,810.0,-72.0,109.8%
42.0,20260518,강서,양천,염창(집),163.0,137.0,26.0,84%
43.0,20260518,광주,고창,고창(집),351.0,378.0,-27.0,107.7%
44.0,20260518,광주,광주,광주송정(집),1407.0,1466.0,-59.0,104.2%
45.0,20260518,광주,광주,수완(집),738.0,979.0,-241.0,132.7%
46.0,20260518,광주,나주,나주(집),628.0,674.0,-46.0,107.3%
47.0,20260518,광주,나주,나주동구(집),81.0,106.0,-25.0,130.9%
48.0,20260518,광주,남광주,광주금호(집),583.0,602.0,-19.0,103.3%
49.0,20260518,광주,남광주,광주방림(집),597.0,576.0,21.0,96.5%
50.0,20260518,광주,남광주,광주진월(집),723.0,797.0,-74.0,110.2%
51.0,20260518,광주,담양,담양(집),163.0,212.0,-49.0,130.1%
52.0,20260518,광주,동광주,광주 광산(집),1176.0,1301.0,-125.0,110.6%
53.0,20260518,광주,동광주,무등(집),841.0,970.0,-129.0,115.3%
54.0,20260518,광주,동광주,오치(집),345.0,367.0,-22.0,106.4%
55.0,20260518,광주,부안,부안(집),222.0,258.0,-36.0,116.2%
56.0,20260518,광주,북광주,동문(집),684.0,733.0,-49.0,107.2%
57.0,20260518,광주,북광주,용봉(집),1060.0,1122.0,-62.0,105.8%
58.0,20260518,광주,북광주,중흥(집),1073.0,1161.0,-88.0,108.2%
59.0,20260518,광주,서광주,광주 중부(집),953.0,1016.0,-63.0,106.6%
60.0,20260518,광주,서광주,광주화정(집),361.0,470.0,-109.0,130.2%
61.0,20260518,광주,서광주,풍암(집),131.0,154.0,-23.0,117.6%
62.0,20260518,광주,장성,순창(집),154.0,168.0,-14.0,109.1%
63.0,20260518,광주,장성,영광(집),132.0,139.0,-7.0,105.3%
64.0,20260518,광주,장성,영광읍(집),207.0,251.0,-44.0,121.3%
65.0,20260518,광주,장성,장성(집),355.0,394.0,-39.0,111%
66.0,20260518,광주,장성,화순(집),591.0,627.0,-36.0,106.1%
67.0,20260518,광주,정읍,정읍(집),883.0,928.0,-45.0,105.1%
68.0,20260518,구로,관악,서원(집),426.0,440.0,-14.0,103.3%
69.0,20260518,구로,관악,신림서(집),667.0,698.0,-31.0,104.6%
70.0,20260518,구로,관악,조원(집),148.0,200.0,-52.0,135.1%
71.0,20260518,구로,구로,고척(집),500.0,563.0,-63.0,112.6%
72.0,20260518,구로,구로,구로남(집),422.0,455.0,-33.0,107.8%
73.0,20260518,구로,구로,구로중앙(집),598.0,699.0,-101.0,116.9%
74.0,20260518,구로,남서울,가산벤처(집),547.0,757.0,-210.0,138.4%
75.0,20260518,구로,남서울,신대림(집),319.0,310.0,9.0,97.2%
76.0,20260518,구로,독산/시흥,구로시흥(집),420.0,404.0,16.0,96.2%
77.0,20260518,구로,독산/시흥,독산(집),579.0,643.0,-64.0,111.1%
78.0,20260518,구로,동작,상도(집),74.0,150.0,-76.0,202.7%
79.0,20260518,구로,동작,상도중앙(집),254.0,303.0,-49.0,119.3%
80.0,20260518,구로,동작,신대방(집),423.0,379.0,44.0,89.6%
81.0,20260518,구로,동작사당,노량진(집),797.0,798.0,-1.0,100.1%
82.0,20260518,구로,동작사당,사당(집),521.0,525.0,-4.0,100.8%
83.0,20260518,구로,봉천,관악성현(집),292.0,338.0,-46.0,115.8%
84.0,20260518,구로,봉천,은천(집),451.0,505.0,-54.0,112%
85.0,20260518,구로,봉천,인헌(집),233.0,246.0,-13.0,105.6%
86.0,20260518,구로,봉천,행운(집),272.0,325.0,-53.0,119.5%
87.0,20260518,구로,신구로,구로 서(집),233.0,272.0,-39.0,116.7%
88.0,20260518,구로,신구로,천왕(집),401.0,450.0,-49.0,112.2%
89.0,20260518,구로,영등포,신길(집),420.0,469.0,-49.0,111.7%
90.0,20260518,구로,영등포,여의도(집),1304.0,1312.0,-8.0,100.6%
91.0,20260518,구로,영등포,영등포중앙(집),701.0,680.0,21.0,97%
92.0,20260518,구미,구미,구미공단(집),190.0,224.0,-34.0,117.9%
93.0,20260518,구미,구미,구미지산(집),684.0,749.0,-65.0,109.5%
94.0,20260518,구미,구미,봉곡(집),291.0,190.0,101.0,65.3%
95.0,20260518,구미,구미,선산(집),239.0,250.0,-11.0,104.6%
96.0,20260518,구미,구미,송정(집),485.0,490.0,-5.0,101%
97.0,20260518,구미,구미,옥계(집),748.0,809.0,-61.0,108.2%
98.0,20260518,구미,구미,형곡(집),447.0,480.0,-33.0,107.4%
99.0,20260518,구미,군위,군위(집),118.0,103.0,15.0,87.3%
100.0,20260518,구미,김천,김천덕곡(집),89.0,93.0,-4.0,104.5%
101.0,20260518,구미,김천,김천신음(집),469.0,452.0,17.0,96.4%
102.0,20260518,구미,김천,김천아포(집),205.0,199.0,6.0,97.1%
103.0,20260518,구미,김천,김천혁신(집),293.0,317.0,-24.0,108.2%
104.0,20260518,구미,문경,문경(집),503.0,538.0,-35.0,107%
105.0,20260518,구미,상주,상주(집),552.0,558.0,-6.0,101.1%
106.0,20260518,구미,성주,성주(집),85.0,104.0,-19.0,122.4%
107.0,20260518,구미,칠곡,왜관(집),871.0,939.0,-68.0,107.8%
108.0,20260518,구미,칠곡,인동(집),475.0,517.0,-42.0,108.8%
109.0,20260518,구미,칠곡,임수(집),179.0,234.0,-55.0,130.7%
110.0,20260518,군포,과천,과천(집),629.0,603.0,26.0,95.9%
111.0,20260518,군포,군포(H동),군포금정(집),623.0,577.0,46.0,92.6%
112.0,20260518,군포,군포(H동),군포부곡(집),495.0,579.0,-84.0,117%
113.0,20260518,군포,군포(H동),산본(집),471.0,422.0,49.0,89.6%
114.0,20260518,군포,안양동안(철송장),안양관양(집),795.0,873.0,-78.0,109.8%
115.0,20260518,군포,안양동안(철송장),평촌(집),644.0,716.0,-72.0,111.2%
116.0,20260518,군포,안양동안(철송장),호계(집),1013.0,1029.0,-16.0,101.6%
117.0,20260518,군포,안양만안,만안(집),1249.0,1286.0,-37.0,103%
118.0,20260518,군포,안양만안,석수(집),471.0,465.0,6.0,98.7%
119.0,20260518,군포,의왕,의왕(집),1166.0,1282.0,-116.0,109.9%
120.0,20260518,남양주,다산,남양주다산(집),248.0,273.0,-25.0,110.1%
121.0,20260518,남양주,다산,남양주양정(집),1026.0,1093.0,-67.0,106.5%
122.0,20260518,남양주,별내,별내(집),1138.0,1207.0,-69.0,106.1%
123.0,20260518,남양주,별내,오남(집),394.0,427.0,-33.0,108.4%
124.0,20260518,남양주,양평,양평(집),747.0,886.0,-139.0,118.6%
125.0,20260518,남양주,진접,남양주왕숙(집),346.0,382.0,-36.0,110.4%
126.0,20260518,남양주,진접,진접(집),631.0,664.0,-33.0,105.2%
127.0,20260518,남양주,진접,진접장현(집),296.0,304.0,-8.0,102.7%
128.0,20260518,남양주,화도,와부(집),381.0,340.0,41.0,89.2%
129.0,20260518,남양주,화도,화도(집),1935.0,1438.0,497.0,74.3%
130.0,20260518,대구,고령,고령(집),240.0,248.0,-8.0,103.3%
131.0,20260518,대구,남구,대명(집),376.0,434.0,-58.0,115.4%
132.0,20260518,대구,남구,대명남(집),437.0,468.0,-31.0,107.1%
133.0,20260518,대구,남구,봉덕(집),244.0,287.0,-43.0,117.6%
134.0,20260518,대구,달서,다사(집),702.0,751.0,-49.0,107%
135.0,20260518,대구,달서,성서(집),435.0,487.0,-52.0,112%
136.0,20260518,대구,달서,월성(집),459.0,501.0,-42.0,109.2%
137.0,20260518,대구,달성,가창(집),47.0,37.0,10.0,78.7%
138.0,20260518,대구,달성,달성(집),567.0,613.0,-46.0,108.1%
139.0,20260518,대구,달성,대구진천(집),607.0,607.0,0.0,100%
140.0,20260518,대구,달성,상인(집),284.0,332.0,-48.0,116.9%
141.0,20260518,대구,달성,옥포(집),301.0,342.0,-41.0,113.6%
142.0,20260518,대구,달성,현풍(집),1270.0,1349.0,-79.0,106.2%
143.0,20260518,대구,대구,대구 용산(집),1142.0,1266.0,-124.0,110.9%
144.0,20260518,대구,대구,송현(집),744.0,762.0,-18.0,102.4%
145.0,20260518,대구,동명,동명(집),44.0,52.0,-8.0,118.2%
146.0,20260518,대구,서대구,이현(집),591.0,589.0,2.0,99.7%
147.0,20260518,대구,서대구,평리(집),670.0,715.0,-45.0,106.7%
148.0,20260518,대전,공주,공주(집),211.0,237.0,-26.0,112.3%
149.0,20260518,대전,공주,장군(집),332.0,335.0,-3.0,100.9%
150.0,20260518,대전,금산,금산(집),483.0,513.0,-30.0,106.2%
151.0,20260518,대전,논산,강경(집),278.0,307.0,-29.0,110.4%
152.0,20260518,대전,논산,논산(집),541.0,551.0,-10.0,101.8%
153.0,20260518,대전,대전A,계룡(집),335.0,369.0,-34.0,110.1%
154.0,20260518,대전,대전A,관평(집),339.0,381.0,-42.0,112.4%
155.0,20260518,대전,대전A,봉명(집),1457.0,1658.0,-201.0,113.8%
156.0,20260518,대전,대전A,전민(집),927.0,1050.0,-123.0,113.3%
157.0,20260518,대전,대전A,진잠반석(집),735.0,794.0,-59.0,108%
158.0,20260518,대전,대전중구,둔산(집),425.0,488.0,-63.0,114.8%
159.0,20260518,대전,대전중구,문화(집),414.0,461.0,-47.0,111.4%
160.0,20260518,대전,대전중구,은행(집),359.0,384.0,-25.0,107%
161.0,20260518,대전,대전중구,중촌대흥(집),991.0,1055.0,-64.0,106.5%
162.0,20260518,대전,동대전,대전성남(집),1594.0,1711.0,-117.0,107.3%
163.0,20260518,대전,무주,무주(집),141.0,98.0,43.0,69.5%
164.0,20260518,대전,부여,부여(집),366.0,382.0,-16.0,104.4%
165.0,20260518,대전,북대전,송촌(집),1158.0,845.0,313.0,73%
166.0,20260518,대전,북대전,신탄진(집),673.0,739.0,-66.0,109.8%
167.0,20260518,대전,서대전,관저(집),658.0,729.0,-71.0,110.8%
168.0,20260518,대전,서대전,월평탄방(집),1293.0,1406.0,-113.0,108.7%
169.0,20260518,대전,서대전,정림(집),820.0,881.0,-61.0,107.4%
170.0,20260518,대전,영동,영동(집),304.0,315.0,-11.0,103.6%
171.0,20260518,대전,옥천,옥천(집),379.0,369.0,10.0,97.4%
172.0,20260518,대전,조치원,남세종(집),739.0,788.0,-49.0,106.6%
173.0,20260518,대전,조치원,서세종(집),1389.0,1519.0,-130.0,109.4%
174.0,20260518,대전,조치원,세종중앙(집),768.0,820.0,-52.0,106.8%
175.0,20260518,대전,조치원,연기(집),1363.0,1455.0,-92.0,106.7%
176.0,20260518,대전,조치원,전의(집),533.0,515.0,18.0,96.6%
177.0,20260518,대전,청양,청양(집),127.0,110.0,17.0,86.6%
178.0,20260518,동대구,경산,경산백천(집),273.0,306.0,-33.0,112.1%
179.0,20260518,동대구,경산,경산중산(집),312.0,379.0,-67.0,121.5%
180.0,20260518,동대구,경산,하양(집),968.0,945.0,23.0,97.6%
181.0,20260518,동대구,대구중구,대구중구(집),691.0,745.0,-54.0,107.8%
182.0,20260518,동대구,대구중구,대봉(집),492.0,580.0,-88.0,117.9%
183.0,20260518,동대구,대구중구,봉무(집),463.0,477.0,-14.0,103%
184.0,20260518,동대구,동대구,대구방촌(집),469.0,512.0,-43.0,109.2%
185.0,20260518,동대구,동대구,대구신천(집),468.0,507.0,-39.0,108.3%
186.0,20260518,동대구,동대구,안심(집),783.0,817.0,-34.0,104.3%
187.0,20260518,동대구,북대구,대구 강북(집),991.0,944.0,47.0,95.3%
188.0,20260518,동대구,북대구,대구매천(집),455.0,493.0,-38.0,108.4%
189.0,20260518,동대구,북대구,산격(집),569.0,644.0,-75.0,113.2%
190.0,20260518,동대구,북대구,칠성(집),948.0,1029.0,-81.0,108.5%
191.0,20260518,동대구,북대구,학정(집),216.0,260.0,-44.0,120.4%
192.0,20260518,동대구,수성구,두산(집),934.0,1029.0,-95.0,110.2%
193.0,20260518,동대구,수성구,만촌(집),326.0,375.0,-49.0,115%
194.0,20260518,동대구,수성구,수성(집),1671.0,1744.0,-73.0,104.4%
195.0,20260518,동대구,수성구,시지(집),726.0,778.0,-52.0,107.2%
196.0,20260518,동대구,영천,영천(집),470.0,713.0,-243.0,151.7%
197.0,20260518,동대구,청도,청도(집),195.0,222.0,-27.0,113.8%
198.0,20260518,동대문,구리사노2(성북),길음(집),215.0,228.0,-13.0,106%
199.0,20260518,동대문,구리사노2(성북),돈암(집),158.0,174.0,-16.0,110.1%
200.0,20260518,동대문,구리사노2(성북),신성북(집),180.0,206.0,-26.0,114.4%
201.0,20260518,동대문,구리사노2(성북),안암(집),117.0,124.0,-7.0,106%
202.0,20260518,동대문,구리사노2(성북),월곡(집),743.0,831.0,-88.0,111.8%
203.0,20260518,동대문,구리사노2(성북),정릉(집),843.0,786.0,57.0,93.2%
204.0,20260518,동대문,구리사노2(성북),종암(집),125.0,185.0,-60.0,148%
205.0,20260518,동대문,구리사노2(중랑),망우(집),734.0,822.0,-88.0,112%
206.0,20260518,동대문,구리사노2(중랑),면목(집),1262.0,1349.0,-87.0,106.9%
207.0,20260518,동대문,구리사노2(중랑),묵동(집),317.0,331.0,-14.0,104.4%
208.0,20260518,동대문,구리사노2(중랑),상봉(집),322.0,355.0,-33.0,110.2%
209.0,20260518,동대문,동대문(종로),내수(집),133.0,144.0,-11.0,108.3%
210.0,20260518,동대문,동대문(종로),숭인(집),209.0,252.0,-43.0,120.6%
211.0,20260518,동대문,동대문(종로),인사(집),256.0,303.0,-47.0,118.4%
212.0,20260518,동대문,동대문(종로),종로3가(집),205.0,225.0,-20.0,109.8%
213.0,20260518,동대문,동대문(종로),종로평창(집),134.0,143.0,-9.0,106.7%
214.0,20260518,동대문,동대문(종로),창신(집),120.0,136.0,-16.0,113.3%
215.0,20260518,동대문,성수(동대문),용두(집),282.0,319.0,-37.0,113.1%
216.0,20260518,동대문,성수(동대문),이문(집),798.0,896.0,-98.0,112.3%
217.0,20260518,동대문,성수(동대문),장안(집),354.0,436.0,-82.0,123.2%
218.0,20260518,동대문,성수(동대문),전농(집),687.0,699.0,-12.0,101.7%
219.0,20260518,동대문,성수(동대문),제기(집),263.0,261.0,2.0,99.2%
220.0,20260518,마포,서대문,북가좌(집),910.0,982.0,-72.0,107.9%
221.0,20260518,마포,서대문,연희(집),263.0,285.0,-22.0,108.4%
222.0,20260518,마포,서대문,홍은(집),420.0,363.0,57.0,86.4%
223.0,20260518,마포,신마포,서교(집),154.0,201.0,-47.0,130.5%
224.0,20260518,마포,신마포,염리(집),209.0,368.0,-159.0,176.1%
225.0,20260518,마포,신마포,홍제(집),28.0,45.0,-17.0,160.7%
226.0,20260518,마포,신수(용산),남대문시장(집),59.0,77.0,-18.0,130.5%
227.0,20260518,마포,신수(용산),보광(집),51.0,58.0,-7.0,113.7%
228.0,20260518,마포,신수(용산),신당(집),270.0,296.0,-26.0,109.6%
229.0,20260518,마포,신수(용산),이태원(집),138.0,177.0,-39.0,128.3%
230.0,20260518,마포,신수(용산),후암(집),414.0,468.0,-54.0,113%
231.0,20260518,마포,용산2,용산(집),407.0,490.0,-83.0,120.4%
232.0,20260518,마포,용산2,원효(집),208.0,299.0,-91.0,143.8%
233.0,20260518,마포,장항1(중구),남산(집),84.0,92.0,-8.0,109.5%
234.0,20260518,마포,장항1(중구),무교(집),323.0,369.0,-46.0,114.2%
235.0,20260518,마포,장항1(중구),을지(집),219.0,238.0,-19.0,108.7%
236.0,20260518,마포,장항1(중구),충정로(집),265.0,292.0,-27.0,110.2%
237.0,20260518,마포,장항1(중구),해운(집),204.0,221.0,-17.0,108.3%
238.0,20260518,마포,장항2(마포),마포도화(집),263.0,307.0,-44.0,116.7%
239.0,20260518,마포,장항2(마포),망원(집),181.0,185.0,-4.0,102.2%
240.0,20260518,마포,장항2(마포),상암(집),566.0,572.0,-6.0,101.1%
241.0,20260518,마포,장항2(마포),서강(집),165.0,203.0,-38.0,123%
242.0,20260518,목포,강진,강진(집),363.0,333.0,30.0,91.7%
243.0,20260518,목포,목포,목포(집),1106.0,1115.0,-9.0,100.8%
244.0,20260518,목포,목포,목포남악(집),721.0,767.0,-46.0,106.4%
245.0,20260518,목포,목포,신안(집),129.0,119.0,10.0,92.2%
246.0,20260518,목포,목포,영암삼호(집),303.0,342.0,-39.0,112.9%
247.0,20260518,목포,무안,무안(집),544.0,602.0,-58.0,110.7%
248.0,20260518,목포,영암,영암(집),136.0,136.0,0.0,100%
249.0,20260518,목포,완도,고금(집),68.0,81.0,-13.0,119.1%
250.0,20260518,목포,완도,노화(집),32.0,33.0,-1.0,103.1%
251.0,20260518,목포,완도,완도(집),224.0,245.0,-21.0,109.4%
252.0,20260518,목포,장흥,장흥(집),228.0,217.0,11.0,95.2%
253.0,20260518,목포,진도,진도(집),283.0,252.0,31.0,89%
254.0,20260518,목포,함평,함평(집),260.0,292.0,-32.0,112.3%
255.0,20260518,목포,해남,해남(집),469.0,482.0,-13.0,102.8%
256.0,20260518,목포,해남,해남황산(집),122.0,80.0,42.0,65.6%
257.0,20260518,부산,기장,금사(집),632.0,642.0,-10.0,101.6%
258.0,20260518,부산,기장,기장(집),265.0,312.0,-47.0,117.7%
259.0,20260518,부산,기장,부산구서(집),156.0,197.0,-41.0,126.3%
260.0,20260518,부산,기장,부산남산(집),233.0,250.0,-17.0,107.3%
261.0,20260518,부산,기장,정관(집),763.0,852.0,-89.0,111.7%
262.0,20260518,부산,남부산,부산대연(집),269.0,277.0,-8.0,103%
263.0,20260518,부산,남부산,부산우암(집),460.0,491.0,-31.0,106.7%
264.0,20260518,부산,남부산,수영(집),532.0,599.0,-67.0,112.6%
265.0,20260518,부산,남부산,영도(집),831.0,910.0,-79.0,109.5%
266.0,20260518,부산,동부산,암남(집),568.0,694.0,-126.0,122.2%
267.0,20260518,부산,동부산,연제동(집),1131.0,1197.0,-66.0,105.8%
268.0,20260518,부산,동부산,연제중앙(집),526.0,573.0,-47.0,108.9%
269.0,20260518,부산,부산서구,부산대신(집),218.0,237.0,-19.0,108.7%
270.0,20260518,부산,부산서구,용호(집),1015.0,1145.0,-130.0,112.8%
271.0,20260518,부산,부산진,부산당감(집),135.0,145.0,-10.0,107.4%
272.0,20260518,부산,부산진,부산양정(집),682.0,708.0,-26.0,103.8%
273.0,20260518,부산,부산진,부산용당(집),219.0,241.0,-22.0,110%
274.0,20260518,부산,부산진,연지(집),359.0,434.0,-75.0,120.9%
275.0,20260518,부산,부산진,전포(집),130.0,151.0,-21.0,116.2%
276.0,20260518,부산,북부산,해운대마린(집),236.0,303.0,-67.0,128.4%
277.0,20260518,부산,북부산,해운대반여(집),428.0,472.0,-44.0,110.3%
278.0,20260518,부산,북부산,해운대북(집),439.0,479.0,-40.0,109.1%
279.0,20260518,부산,북부산,해운대좌동(집),245.0,210.0,35.0,85.7%
280.0,20260518,부산,북부산,해운대중동(집),563.0,573.0,-10.0,101.8%
281.0,20260518,부천,광명,광명(집),720.0,821.0,-101.0,114%
282.0,20260518,부천,광명,역곡(집),575.0,648.0,-73.0,112.7%
283.0,20260518,부천,광명,철산(집),182.0,209.0,-27.0,114.8%
284.0,20260518,부천,광명,하안본(집),973.0,1195.0,-222.0,122.8%
285.0,20260518,부천,부천,삼정(집),497.0,516.0,-19.0,103.8%
286.0,20260518,부천,부천,소사중앙(집),570.0,620.0,-50.0,108.8%
287.0,20260518,부천,부천,오정(집),798.0,859.0,-61.0,107.6%
288.0,20260518,부천,부천,옥길(집),403.0,468.0,-65.0,116.1%
289.0,20260518,부천,부천,원미(집),764.0,801.0,-37.0,104.8%
290.0,20260518,부천,부천송내,상동본(집),342.0,369.0,-27.0,107.9%
291.0,20260518,부천,부천송내,상동중앙(집),540.0,525.0,15.0,97.2%
292.0,20260518,부천,부천송내,송내본(집),491.0,529.0,-38.0,107.7%
293.0,20260518,부천,부천송내,중동(집),631.0,648.0,-17.0,102.7%
294.0,20260518,부평,검단,검단(집),1060.0,1220.0,-160.0,115.1%
295.0,20260518,부평,검단,아라(집),925.0,1034.0,-109.0,111.8%
296.0,20260518,부평,부평,갈산(집),807.0,880.0,-73.0,109%
297.0,20260518,부평,부평,부평부개(집),998.0,1066.0,-68.0,106.8%
298.0,20260518,부평,부평,부평삼산(집),273.0,314.0,-41.0,115%
299.0,20260518,부평,부평,산곡(집),516.0,559.0,-43.0,108.3%
300.0,20260518,부평,부평,청천(집),659.0,748.0,-89.0,113.5%
301.0,20260518,부평,서인천,가좌(집),545.0,604.0,-59.0,110.8%
302.0,20260518,부평,서인천,계산(집),607.0,542.0,65.0,89.3%
303.0,20260518,부평,서인천,계양(집),301.0,323.0,-22.0,107.3%
304.0,20260518,부평,서인천,서구연희(집),634.0,675.0,-41.0,106.5%
305.0,20260518,부평,서인천,신석남(집),243.0,405.0,-162.0,166.7%
306.0,20260518,부평,서인천,작전(집),608.0,525.0,83.0,86.3%
307.0,20260518,부평,서인천,효성(집),414.0,445.0,-31.0,107.5%
308.0,20260518,부평,청라,청라(집),1530.0,1409.0,121.0,92.1%
309.0,20260518,분당,경기광주,성남금광(집),174.0,237.0,-63.0,136.2%
310.0,20260518,분당,곤지암,곤지암(집),1178.0,1263.0,-85.0,107.2%
311.0,20260518,분당,곤지암,초월(집),366.0,534.0,-168.0,145.9%
312.0,20260518,분당,곤지암(태전),경안(집),1091.0,1163.0,-72.0,106.6%
313.0,20260518,분당,분당,분당정자(집),1150.0,1346.0,-196.0,117%
314.0,20260518,분당,분당,판교(집),1045.0,1096.0,-51.0,104.9%
315.0,20260518,분당,성남,금토(집),223.0,252.0,-29.0,113%
316.0,20260518,분당,성남,상대원(집),272.0,327.0,-55.0,120.2%
317.0,20260518,분당,성남,성남중원(집),600.0,637.0,-37.0,106.2%
318.0,20260518,분당,성남,신흥(집),537.0,550.0,-13.0,102.4%
319.0,20260518,분당,수정,성남수진(집),486.0,457.0,29.0,94%
320.0,20260518,분당,수정,창곡(집),200.0,170.0,30.0,85%
321.0,20260518,분당,신분당,분당구미(집),650.0,674.0,-24.0,103.7%
322.0,20260518,분당,신분당,분당서현(집),829.0,569.0,260.0,68.6%
323.0,20260518,분당,오포,광주오포(집),422.0,451.0,-29.0,106.9%
324.0,20260518,분당,오포,신오포(집),631.0,679.0,-48.0,107.6%
325.0,20260518,서부산,부산강서,부산대저(집),565.0,601.0,-36.0,106.4%
326.0,20260518,서부산,부산강서,하단명지(집),1342.0,1466.0,-124.0,109.2%
327.0,20260518,서부산,사하,개금(집),186.0,211.0,-25.0,113.4%
328.0,20260518,서부산,사하,다대(집),299.0,336.0,-37.0,112.4%
329.0,20260518,서부산,사하,범천(집),358.0,376.0,-18.0,105%
330.0,20260518,서부산,사하,신평(집),390.0,386.0,4.0,99%
331.0,20260518,서부산,서부산,감전(집),400.0,428.0,-28.0,107%
332.0,20260518,서부산,서부산,괘법(집),439.0,482.0,-43.0,109.8%
333.0,20260518,서부산,서부산,엄궁(집),344.0,370.0,-26.0,107.6%
334.0,20260518,서부산,중부산,국제시장(집),40.0,15.0,25.0,37.5%
335.0,20260518,서부산,중부산,동래사직(집),251.0,261.0,-10.0,104%
336.0,20260518,서부산,중부산,동래온천(집),586.0,638.0,-52.0,108.9%
337.0,20260518,서부산,중부산,동래중앙(집),220.0,199.0,21.0,90.5%
338.0,20260518,서부산,중부산,범일(집),300.0,333.0,-33.0,111%
339.0,20260518,서부산,중부산,안락남포(집),538.0,582.0,-44.0,108.2%
340.0,20260518,서부산,중부산,초량(집),246.0,271.0,-25.0,110.2%
341.0,20260518,서산당진,당진,송악(집),481.0,476.0,5.0,99%
342.0,20260518,서산당진,당진,수청(집),854.0,876.0,-22.0,102.6%
343.0,20260518,서산당진,동서산,석림(집),873.0,947.0,-74.0,108.5%
344.0,20260518,서산당진,동서산,수석(집),694.0,712.0,-18.0,102.6%
345.0,20260518,서산당진,보령,보령(집),521.0,595.0,-74.0,114.2%
346.0,20260518,서산당진,서산,읍내(집),506.0,511.0,-5.0,101%
347.0,20260518,서산당진,태안,태안(집),466.0,515.0,-49.0,110.5%
348.0,20260518,서산당진,홍성,홍성(집),1093.0,1140.0,-47.0,104.3%
349.0,20260518,송파,강남,논현(집),531.0,487.0,44.0,91.7%
350.0,20260518,송파,강남,삼성(집),126.0,144.0,-18.0,114.3%
351.0,20260518,송파,강남,세곡(집),253.0,243.0,10.0,96%
352.0,20260518,송파,강동,강동(집),493.0,556.0,-63.0,112.8%
353.0,20260518,송파,강동,암사(집),613.0,687.0,-74.0,112.1%
354.0,20260518,송파,강동고덕,길동(집),851.0,691.0,160.0,81.2%
355.0,20260518,송파,거여,거여(집),522.0,512.0,10.0,98.1%
356.0,20260518,송파,대치,대치(집),696.0,673.0,23.0,96.7%
357.0,20260518,송파,동서울,신송파(집),582.0,653.0,-71.0,112.2%
358.0,20260518,송파,동서울,장지(집),170.0,186.0,-16.0,109.4%
359.0,20260518,송파,방배,반포(집),268.0,309.0,-41.0,115.3%
360.0,20260518,송파,방배,방배(집),368.0,431.0,-63.0,117.1%
361.0,20260518,송파,서초,서초(집),536.0,673.0,-137.0,125.6%
362.0,20260518,송파,서초,양재(집),179.0,204.0,-25.0,114%
363.0,20260518,송파,송파,가락(집),902.0,998.0,-96.0,110.6%
364.0,20260518,송파,송파석촌,성내(집),525.0,589.0,-64.0,112.2%
365.0,20260518,송파,송파석촌,잠실2(집),435.0,380.0,55.0,87.4%
366.0,20260518,송파,송파오금,오금(집),440.0,518.0,-78.0,117.7%
367.0,20260518,송파,신사,신사(집),221.0,268.0,-47.0,121.3%
368.0,20260518,송파,신사,잠실본동(집),228.0,234.0,-6.0,102.6%
369.0,20260518,송파,역삼,개포(집),708.0,828.0,-120.0,116.9%
370.0,20260518,송파,역삼,역삼(집),335.0,378.0,-43.0,112.8%
371.0,20260518,송파,역삼,역삼1(집),276.0,283.0,-7.0,102.5%
372.0,20260518,송파,잠실,방이(집),359.0,414.0,-55.0,115.3%
373.0,20260518,송파,잠실,송파신천(집),374.0,369.0,5.0,98.7%
374.0,20260518,송파,잠원,수서(집),498.0,574.0,-76.0,115.3%
375.0,20260518,송파,잠원,잠원(집),1043.0,1165.0,-122.0,111.7%
376.0,20260518,송파,천호,천호(집),440.0,434.0,6.0,98.6%
377.0,20260518,수원,남수원,신팔달(집),965.0,892.0,73.0,92.4%
378.0,20260518,수원,남수원,인우(집),787.0,832.0,-45.0,105.7%
379.0,20260518,수원,동수원,권선(집),1030.0,996.0,34.0,96.7%
380.0,20260518,수원,동수원,서권선(집),1162.0,1216.0,-54.0,104.6%
381.0,20260518,수원,동수원,수원구운(집),743.0,743.0,0.0,100%
382.0,20260518,수원,동탄,기산(집),426.0,434.0,-8.0,101.9%
383.0,20260518,수원,동탄,남동탄(집),360.0,409.0,-49.0,113.6%
384.0,20260518,수원,동탄,동탄산척(집),1117.0,1130.0,-13.0,101.2%
385.0,20260518,수원,동탄,신동탄(집),666.0,865.0,-199.0,129.9%
386.0,20260518,수원,동탄병점,동탄(집),617.0,665.0,-48.0,107.8%
387.0,20260518,수원,동탄병점,병점(집),1188.0,1248.0,-60.0,105.1%
388.0,20260518,수원,북수원,수원정자(집),566.0,560.0,6.0,98.9%
389.0,20260518,수원,북수원,수원조원(집),417.0,448.0,-31.0,107.4%
390.0,20260518,수원,북수원,수원천천(집),529.0,575.0,-46.0,108.7%
391.0,20260518,수원,수원,광교(집),926.0,991.0,-65.0,107%
392.0,20260518,수원,수원,매탄(집),861.0,894.0,-33.0,103.8%
393.0,20260518,수원,수원,수원 영통(집),501.0,510.0,-9.0,101.8%
394.0,20260518,수원,수원,신영통(집),737.0,757.0,-20.0,102.7%
395.0,20260518,수원,화성,남양(집),1376.0,1350.0,26.0,98.1%
396.0,20260518,수원,화성,우정(집),490.0,548.0,-58.0,111.8%
397.0,20260518,수원,화성,팔탄(집),361.0,418.0,-57.0,115.8%
398.0,20260518,수원,화성,화성서신(집),340.0,401.0,-61.0,117.9%
399.0,20260518,수원,화성우정,봉담(집),309.0,450.0,-141.0,145.6%
400.0,20260518,수원,화성우정,양감(집),592.0,672.0,-80.0,113.5%
401.0,20260518,수원,화성우정,향남(집),586.0,677.0,-91.0,115.5%
402.0,20260518,순천,고흥,고흥(집),35.0,51.0,-16.0,145.7%
403.0,20260518,순천,고흥,녹동(집),43.0,52.0,-9.0,120.9%
404.0,20260518,순천,곡성,곡성(집),151.0,148.0,3.0,98%
405.0,20260518,순천,광양,광양(집),1878.0,2018.0,-140.0,107.5%
406.0,20260518,순천,구례,구례(집),265.0,281.0,-16.0,106%
407.0,20260518,순천,보성,벌교(집),161.0,128.0,33.0,79.5%
408.0,20260518,순천,보성,보성(집),104.0,52.0,52.0,50%
409.0,20260518,순천,순천,순천매곡(집),1068.0,1128.0,-60.0,105.6%
410.0,20260518,순천,순천,순천해룡(집),1692.0,1880.0,-188.0,111.1%
411.0,20260518,순천,여수,돌산(집),107.0,105.0,2.0,98.1%
412.0,20260518,순천,여수,여수(집),401.0,364.0,37.0,90.8%
413.0,20260518,순천,여수,여수문수(집),700.0,601.0,99.0,85.9%
414.0,20260518,순천,여수,여천(집),1262.0,1302.0,-40.0,103.2%
415.0,20260518,순천,여수,여천학동(집),726.0,574.0,152.0,79.1%
416.0,20260518,순천,여수,한려(집),36.0,39.0,-3.0,108.3%
417.0,20260518,안동,봉화,봉화(집),338.0,132.0,206.0,39.1%
418.0,20260518,안동,안동,안동명륜(집),219.0,201.0,18.0,91.8%
419.0,20260518,안동,안동,안동송현(집),337.0,372.0,-35.0,110.4%
420.0,20260518,안동,안동,안동용상(집),294.0,340.0,-46.0,115.6%
421.0,20260518,안동,영양,영양(집),38.0,44.0,-6.0,115.8%
422.0,20260518,안동,영주,영주조아(집),175.0,152.0,23.0,86.9%
423.0,20260518,안동,영주,영주휴천(집),161.0,175.0,-14.0,108.7%
424.0,20260518,안동,영주,풍기(집),259.0,264.0,-5.0,101.9%
425.0,20260518,안동,예천,예천(집),45.0,83.0,-38.0,184.4%
426.0,20260518,안동,의성,의성(집),332.0,308.0,24.0,92.8%
427.0,20260518,안동,청송,청송(집),85.0,67.0,18.0,78.8%
428.0,20260518,안산,상록,안산고잔(집),953.0,1007.0,-54.0,105.7%
429.0,20260518,안산,상록,안산본오(집),584.0,628.0,-44.0,107.5%
430.0,20260518,안산,상록,안산사동(집),520.0,588.0,-68.0,113.1%
431.0,20260518,안산,상록,안산일동(집),858.0,909.0,-51.0,105.9%
432.0,20260518,안산,시흥,목감(집),335.0,390.0,-55.0,116.4%
433.0,20260518,안산,시흥,성곡(집),1482.0,1692.0,-210.0,114.2%
434.0,20260518,안산,시흥,시흥장현(집),955.0,943.0,12.0,98.7%
435.0,20260518,안산,시흥,안산시흥(집),1071.0,1023.0,48.0,95.5%
436.0,20260518,안산,시흥,정왕(집),411.0,506.0,-95.0,123.1%
437.0,20260518,안산,안산,대부(집),163.0,182.0,-19.0,111.7%
438.0,20260518,안산,안산,선부(집),1505.0,1556.0,-51.0,103.4%
439.0,20260518,양산,김해,김해동(집),669.0,755.0,-86.0,112.9%
440.0,20260518,양산,김해,김해삼계(집),965.0,1045.0,-80.0,108.3%
441.0,20260518,양산,김해,김해신문(집),872.0,917.0,-45.0,105.2%
442.0,20260518,양산,김해,김해율하(집),696.0,728.0,-32.0,104.6%
443.0,20260518,양산,김해,김해주촌(집),236.0,295.0,-59.0,125%
444.0,20260518,양산,김해,김해중앙(집),685.0,752.0,-67.0,109.8%
445.0,20260518,양산,김해,김해진영(집),491.0,528.0,-37.0,107.5%
446.0,20260518,양산,밀양,밀양남(집),274.0,325.0,-51.0,118.6%
447.0,20260518,양산,밀양,밀양북(집),409.0,443.0,-34.0,108.3%
448.0,20260518,양산,양산,양산동면(집),764.0,826.0,-62.0,108.1%
449.0,20260518,양산,양산,양산물금(집),1191.0,1298.0,-107.0,109%
450.0,20260518,양산,양산,양산북정(집),443.0,493.0,-50.0,111.3%
451.0,20260518,양산,양산,웅상(집),787.0,844.0,-57.0,107.2%
452.0,20260518,양산,양산2,부산덕천(집),777.0,842.0,-65.0,108.4%
453.0,20260518,양산,양산2,부산화명(집),959.0,1032.0,-73.0,107.6%
454.0,20260518,양주,동두천,동두천(집),1166.0,1133.0,33.0,97.2%
455.0,20260518,양주,양주,양주회천(집),872.0,952.0,-80.0,109.2%
456.0,20260518,양주,양주,옥정(집),915.0,991.0,-76.0,108.3%
457.0,20260518,양주,양주은현,백석(집),249.0,288.0,-39.0,115.7%
458.0,20260518,양주,양주은현,삼숭(집),564.0,553.0,11.0,98%
459.0,20260518,양주,철원,철원(집),340.0,402.0,-62.0,118.2%
460.0,20260518,양주,포천,포천(집),1052.0,1185.0,-133.0,112.6%
461.0,20260518,용인,기흥,용인고매(집),1347.0,1235.0,112.0,91.7%
462.0,20260518,용인,수지,용인동천(집),442.0,524.0,-82.0,118.6%
463.0,20260518,용인,수지,용인상현(집),1163.0,1393.0,-230.0,119.8%
464.0,20260518,용인,수지,용인죽전(집),394.0,438.0,-44.0,111.2%
465.0,20260518,용인,신기흥,용인신갈(집),1371.0,1063.0,308.0,77.5%
466.0,20260518,용인,신처인,역북(집),433.0,505.0,-72.0,116.6%
467.0,20260518,용인,신처인,용인남사(집),1037.0,1118.0,-81.0,107.8%
468.0,20260518,용인,이천,이천대월(집),420.0,526.0,-106.0,125.2%
469.0,20260518,용인,이천,이천부발(집),1465.0,1447.0,18.0,98.8%
470.0,20260518,용인,이천북,이천백사(집),618.0,922.0,-304.0,149.2%
471.0,20260518,용인,이천북,이천장호원(집),155.0,166.0,-11.0,107.1%
472.0,20260518,용인,처인,포곡(집),1748.0,1913.0,-165.0,109.4%
473.0,20260518,울산,북울산,울산북구(집),1489.0,1360.0,129.0,91.3%
474.0,20260518,울산,온산,언양2(집),250.0,236.0,14.0,94.4%
475.0,20260518,울산,온산,온산(집),666.0,639.0,27.0,95.9%
476.0,20260518,울산,온산,울주온양1(집),35.0,66.0,-31.0,188.6%
477.0,20260518,울산,울산,무거(집),532.0,524.0,8.0,98.5%
478.0,20260518,울산,울산,반구(집),418.0,428.0,-10.0,102.4%
479.0,20260518,울산,울산,삼산(집),1836.0,1960.0,-124.0,106.8%
480.0,20260518,울산,울산달동,달동(집),831.0,955.0,-124.0,114.9%
481.0,20260518,울산,울산동구,울산동구(집),480.0,520.0,-40.0,108.3%
482.0,20260518,울산,울산동구,전하(집),601.0,634.0,-33.0,105.5%
483.0,20260518,울산,울주,언양(집),885.0,927.0,-42.0,104.7%
484.0,20260518,울산,울주,울주온양2(집),172.0,235.0,-63.0,136.6%
485.0,20260518,원주,단양,단양(집),57.0,54.0,3.0,94.7%
486.0,20260518,원주,서원주,지정(집),667.0,721.0,-54.0,108.1%
487.0,20260518,원주,서원주,태장(집),265.0,303.0,-38.0,114.3%
488.0,20260518,원주,여주,여주(집),898.0,985.0,-87.0,109.7%
489.0,20260518,원주,영월,영월(집),106.0,152.0,-46.0,143.4%
490.0,20260518,원주,원주,단계(집),788.0,855.0,-67.0,108.5%
491.0,20260518,원주,원주,단구(집),276.0,319.0,-43.0,115.6%
492.0,20260518,원주,원주,원주관설(집),398.0,454.0,-56.0,114.1%
493.0,20260518,원주,원주,원주문막(집),639.0,680.0,-41.0,106.4%
494.0,20260518,원주,원주,원주중앙(집),213.0,242.0,-29.0,113.6%
495.0,20260518,원주,정선,고한(집),136.0,155.0,-19.0,114%
496.0,20260518,원주,정선,정선(집),325.0,323.0,2.0,99.4%
497.0,20260518,원주,제천,제천장락(집),274.0,280.0,-6.0,102.2%
498.0,20260518,원주,제천,제천중앙(집),440.0,466.0,-26.0,105.9%
499.0,20260518,원주,태백,태백(집),384.0,300.0,84.0,78.1%
500.0,20260518,원주,평창,평창(집),306.0,334.0,-28.0,109.2%
501.0,20260518,원주,횡성,횡성(집),565.0,510.0,55.0,90.3%
502.0,20260518,인천,남인천,인천용현(집),601.0,530.0,71.0,88.2%
503.0,20260518,인천,남인천,인천학익(집),546.0,642.0,-96.0,117.6%
504.0,20260518,인천,남인천,주안(집),434.0,466.0,-32.0,107.4%
505.0,20260518,인천,동인천,간석남(집),198.0,221.0,-23.0,111.6%
506.0,20260518,인천,동인천,간석서(집),347.0,360.0,-13.0,103.7%
507.0,20260518,인천,동인천,고잔(집),53.0,72.0,-19.0,135.8%
508.0,20260518,인천,동인천,인천논현(집),1058.0,1121.0,-63.0,106%
509.0,20260518,인천,동인천,인천동구(집),270.0,297.0,-27.0,110%
510.0,20260518,인천,연수,동춘(집),1263.0,1340.0,-77.0,106.1%
511.0,20260518,인천,연수,송도(집),416.0,447.0,-31.0,107.5%
512.0,20260518,인천,연수,송도국제(집),1442.0,1543.0,-101.0,107%
513.0,20260518,인천,연수,청학(집),303.0,341.0,-38.0,112.5%
514.0,20260518,인천,인천,숭의(집),594.0,630.0,-36.0,106.1%
515.0,20260518,인천,인천,영종도(집),726.0,783.0,-57.0,107.9%
516.0,20260518,인천,인천,인천중구(집),310.0,332.0,-22.0,107.1%
517.0,20260518,인천,인천남동,구월(집),593.0,627.0,-34.0,105.7%
518.0,20260518,인천,인천남동,만수(집),577.0,636.0,-59.0,110.2%
519.0,20260518,일산,성석1(일산),일산마두(집),591.0,650.0,-59.0,110%
520.0,20260518,일산,성석1(일산),일산성석(집),459.0,503.0,-44.0,109.6%
521.0,20260518,일산,성석1(일산),일산장항(집),205.0,253.0,-48.0,123.4%
522.0,20260518,일산,성석1(일산),일산중산(집),442.0,536.0,-94.0,121.3%
523.0,20260518,일산,성석2(덕양),덕양성사(집),415.0,449.0,-34.0,108.2%
524.0,20260518,일산,성석2(덕양),덕양신원(집),700.0,699.0,1.0,99.9%
525.0,20260518,일산,성석2(덕양),덕양원당(집),200.0,203.0,-3.0,101.5%
526.0,20260518,일산,성석2(덕양),덕양지축(집),384.0,351.0,33.0,91.4%
527.0,20260518,일산,성석2(덕양),덕양토당(집),357.0,421.0,-64.0,117.9%
528.0,20260518,일산,성석2(덕양),덕양화정(집),989.0,1106.0,-117.0,111.8%
529.0,20260518,일산,성석2(덕양),향동(집),149.0,128.0,21.0,85.9%
530.0,20260518,일산,일산서구,대화(집),624.0,668.0,-44.0,107.1%
531.0,20260518,일산,일산서구,일산덕이(집),1058.0,1104.0,-46.0,104.3%
532.0,20260518,일산,일산서구,일산중앙(집),574.0,631.0,-57.0,109.9%
533.0,20260518,일산,주교(은평),갈현(집),515.0,583.0,-68.0,113.2%
534.0,20260518,일산,주교(은평),불광(집),398.0,436.0,-38.0,109.5%
535.0,20260518,일산,주교(은평),은평신사(집),362.0,410.0,-48.0,113.3%
536.0,20260518,일산,주교(은평),진관(집),342.0,335.0,7.0,98%
537.0,20260518,일산,파주,금촌(집),651.0,751.0,-100.0,115.4%
538.0,20260518,일산,파주,파주광탄(집),456.0,524.0,-68.0,114.9%
539.0,20260518,일산,파주,파주조리(집),714.0,756.0,-42.0,105.9%
540.0,20260518,일산,파주운정,동패(집),1029.0,1098.0,-69.0,106.7%
541.0,20260518,일산,파주운정,운정(집),833.0,946.0,-113.0,113.6%
542.0,20260518,전주,군산,군산수송(집),414.0,445.0,-31.0,107.5%
543.0,20260518,전주,군산,군산조촌(집),656.0,486.0,170.0,74.1%
544.0,20260518,전주,군산,군산지곡(집),1167.0,1248.0,-81.0,106.9%
545.0,20260518,전주,김제,김제(집),752.0,857.0,-105.0,114%
546.0,20260518,전주,남원,남원(집),456.0,484.0,-28.0,106.1%
547.0,20260518,전주,덕진,금암(집),1165.0,1221.0,-56.0,104.8%
548.0,20260518,전주,덕진,송천(집),742.0,829.0,-87.0,111.7%
549.0,20260518,전주,덕진,호성(집),787.0,810.0,-23.0,102.9%
550.0,20260518,전주,서천,서천(집),288.0,333.0,-45.0,115.6%
551.0,20260518,전주,익산,익산모현(집),940.0,1014.0,-74.0,107.9%
552.0,20260518,전주,익산,익산어양(집),804.0,866.0,-62.0,107.7%
553.0,20260518,전주,익산,평화(집),824.0,903.0,-79.0,109.6%
554.0,20260518,전주,임실,임실(집),116.0,134.0,-18.0,115.5%
555.0,20260518,전주,장수,장수(집),145.0,146.0,-1.0,100.7%
556.0,20260518,전주,전주,삼천(집),749.0,800.0,-51.0,106.8%
557.0,20260518,전주,전주,완주봉동(집),753.0,829.0,-76.0,110.1%
558.0,20260518,전주,전주,완주용진(집),293.0,338.0,-45.0,115.4%
559.0,20260518,전주,전주,전주서신(집),550.0,602.0,-52.0,109.5%
560.0,20260518,전주,전주,전주효자(집),1057.0,1187.0,-130.0,112.3%
561.0,20260518,전주,진안,진안(집),111.0,125.0,-14.0,112.6%
562.0,20260518,제주,서귀포,대정(집),683.0,684.0,-1.0,100.1%
563.0,20260518,제주,서귀포,서귀포오토(집),1568.0,1847.0,-279.0,117.8%
564.0,20260518,제주,서귀포,표선(집),374.0,343.0,31.0,91.7%
565.0,20260518,제주,제주,노형(집),1674.0,1485.0,189.0,88.7%
566.0,20260518,제주,제주,애월(집),486.0,497.0,-11.0,102.3%
567.0,20260518,제주,제주,용담(집),919.0,926.0,-7.0,100.8%
568.0,20260518,제주,제주,제주도남(집),626.0,629.0,-3.0,100.5%
569.0,20260518,제주,제주,제주한림(집),349.0,337.0,12.0,96.6%
570.0,20260518,제주,제주조천,제주아라(집),977.0,975.0,2.0,99.8%
571.0,20260518,제주,제주조천,조천(집),1299.0,1343.0,-44.0,103.4%
572.0,20260518,진주,거제,거제고현(집),806.0,873.0,-67.0,108.3%
573.0,20260518,진주,거제,거제옥포(집),261.0,296.0,-35.0,113.4%
574.0,20260518,진주,거제,거제일운(집),118.0,121.0,-3.0,102.5%
575.0,20260518,진주,거제2,거제상문(집),236.0,272.0,-36.0,115.3%
576.0,20260518,진주,거제2,거제중앙(집),276.0,311.0,-35.0,112.7%
577.0,20260518,진주,거창,거창가조(집),17.0,16.0,1.0,94.1%
578.0,20260518,진주,거창,거창웅양(집),8.0,10.0,-2.0,125%
579.0,20260518,진주,거창,거창읍(집),80.0,112.0,-32.0,140%
580.0,20260518,진주,고성,고성(집),335.0,324.0,11.0,96.7%
581.0,20260518,진주,남해,남해(집),334.0,344.0,-10.0,103%
582.0,20260518,진주,사천,사천사남(집),320.0,334.0,-14.0,104.4%
583.0,20260518,진주,사천,사천읍(집),289.0,316.0,-27.0,109.3%
584.0,20260518,진주,사천,삼천포(집),306.0,336.0,-30.0,109.8%
585.0,20260518,진주,산청,산청단성(집),109.0,108.0,1.0,99.1%
586.0,20260518,진주,산청,산청읍(집),8.0,11.0,-3.0,137.5%
587.0,20260518,진주,진주,진주금산(집),479.0,481.0,-2.0,100.4%
588.0,20260518,진주,진주,진주대안(집),256.0,244.0,12.0,95.3%
589.0,20260518,진주,진주,진주상대(집),343.0,386.0,-43.0,112.5%
590.0,20260518,진주,진주,진주초전(집),506.0,542.0,-36.0,107.1%
591.0,20260518,진주,진주,진주충무공(집),675.0,735.0,-60.0,108.9%
592.0,20260518,진주,진주,진주칠암(집),210.0,225.0,-15.0,107.1%
593.0,20260518,진주,진주,진주평거(집),184.0,240.0,-56.0,130.4%
594.0,20260518,진주,하동,하동(집),124.0,156.0,-32.0,125.8%
595.0,20260518,진주,함양,함양수동(집),220.0,193.0,27.0,87.7%
596.0,20260518,진주,함양,함양안의(집),64.0,75.0,-11.0,117.2%
597.0,20260518,진주,합천,합천(집),288.0,110.0,178.0,38.2%
598.0,20260518,창원,마산,마산가포(집),288.0,341.0,-53.0,118.4%
599.0,20260518,창원,마산,마산내서(집),1085.0,1137.0,-52.0,104.8%
600.0,20260518,창원,마산,마산양덕(집),661.0,1017.0,-356.0,153.9%
601.0,20260518,창원,마산,마산진동(집),251.0,267.0,-16.0,106.4%
602.0,20260518,창원,마산,마산회성(집),506.0,542.0,-36.0,107.1%
603.0,20260518,창원,의령,의령(집),177.0,144.0,33.0,81.4%
604.0,20260518,창원,진해,진해용원(집),905.0,779.0,126.0,86.1%
605.0,20260518,창원,진해,진해중앙(집),469.0,408.0,61.0,87%
606.0,20260518,창원,창녕,창녕(집),578.0,666.0,-88.0,115.2%
607.0,20260518,창원,창원,동읍(집),809.0,843.0,-34.0,104.2%
608.0,20260518,창원,창원,창원북면(집),444.0,431.0,13.0,97.1%
609.0,20260518,창원,창원,창원사파(집),285.0,308.0,-23.0,108.1%
610.0,20260518,창원,창원,창원상남(집),829.0,891.0,-62.0,107.5%
611.0,20260518,창원,창원,창원신촌(집),536.0,634.0,-98.0,118.3%
612.0,20260518,창원,창원,창원중앙(집),1356.0,1408.0,-52.0,103.8%
613.0,20260518,창원,통영,통영용남(집),323.0,312.0,11.0,96.6%
614.0,20260518,창원,통영,통영중앙(집),619.0,371.0,248.0,59.9%
615.0,20260518,창원,함안,함안(집),736.0,807.0,-71.0,109.6%
616.0,20260518,천안,동천안,목천(집),765.0,799.0,-34.0,104.4%
617.0,20260518,천안,동천안,병천(집),189.0,202.0,-13.0,106.9%
618.0,20260518,천안,동천안,신방(집),564.0,630.0,-66.0,111.7%
619.0,20260518,천안,동천안,신부(집),602.0,654.0,-52.0,108.6%
620.0,20260518,천안,동천안,천안구성(집),770.0,822.0,-52.0,106.8%
621.0,20260518,천안,아산,공수(집),583.0,652.0,-69.0,111.8%
622.0,20260518,천안,아산,둔포(집),668.0,763.0,-95.0,114.2%
623.0,20260518,천안,아산,모종(집),751.0,790.0,-39.0,105.2%
624.0,20260518,천안,아산,북수(집),1306.0,1424.0,-118.0,109%
625.0,20260518,천안,아산,신창(집),617.0,701.0,-84.0,113.6%
626.0,20260518,천안,아산,탕정(집),1088.0,1224.0,-136.0,112.5%
627.0,20260518,천안,예산,신예산(집),856.0,834.0,22.0,97.4%
628.0,20260518,천안,천안,두정(집),437.0,490.0,-53.0,112.1%
629.0,20260518,천안,천안,불당(집),1368.0,1465.0,-97.0,107.1%
630.0,20260518,천안,천안,성환(집),383.0,435.0,-52.0,113.6%
631.0,20260518,천안,천안,직산(집),711.0,792.0,-81.0,111.4%
632.0,20260518,천안,천안,천안백석(집),1003.0,1011.0,-8.0,100.8%
633.0,20260518,청주,괴산,괴산(집),836.0,819.0,17.0,98%
634.0,20260518,청주,보은,보은(집),332.0,63.0,269.0,19%
635.0,20260518,청주,서청주,복대(집),1779.0,1872.0,-93.0,105.2%
636.0,20260518,청주,서청주,비하(집),350.0,387.0,-37.0,110.6%
637.0,20260518,청주,서청주,송절(집),1150.0,1154.0,-4.0,100.3%
638.0,20260518,청주,서청주,수곡(집),426.0,479.0,-53.0,112.4%
639.0,20260518,청주,서청주,오송(집),1244.0,1335.0,-91.0,107.3%
640.0,20260518,청주,음성,금왕(집),822.0,862.0,-40.0,104.9%
641.0,20260518,청주,음성,맹동(집),494.0,422.0,72.0,85.4%
642.0,20260518,청주,진천,덕산(집),799.0,893.0,-94.0,111.8%
643.0,20260518,청주,진천,진천(집),458.0,510.0,-52.0,111.4%
644.0,20260518,청주,청주,내덕(집),948.0,1020.0,-72.0,107.6%
645.0,20260518,청주,청주,미원(집),852.0,904.0,-52.0,106.1%
646.0,20260518,청주,청주,오창(집),1352.0,1489.0,-137.0,110.1%
647.0,20260518,청주,청주,우암(집),554.0,601.0,-47.0,108.5%
648.0,20260518,청주,충주,동량(집),558.0,612.0,-54.0,109.7%
649.0,20260518,청주,충주,주덕(집),869.0,963.0,-94.0,110.8%
650.0,20260518,청주,충주,호암(집),428.0,474.0,-46.0,110.7%
651.0,20260518,춘천,가평,가평(집),1100.0,1384.0,-284.0,125.8%
652.0,20260518,춘천,양구,양구(집),253.0,271.0,-18.0,107.1%
653.0,20260518,춘천,인제,인제(집),438.0,415.0,23.0,94.7%
654.0,20260518,춘천,춘천,춘천남산(집),250.0,271.0,-21.0,108.4%
655.0,20260518,춘천,춘천,춘천동내(집),656.0,669.0,-13.0,102%
656.0,20260518,춘천,춘천,춘천중앙(집),932.0,972.0,-40.0,104.3%
657.0,20260518,춘천,춘천,춘천퇴계(집),1191.0,1229.0,-38.0,103.2%
658.0,20260518,춘천,춘천,효자(집),362.0,373.0,-11.0,103%
659.0,20260518,춘천,홍천,홍천(집),759.0,725.0,34.0,95.5%
660.0,20260518,춘천,화천,화천(집),277.0,294.0,-17.0,106.1%
661.0,20260518,평택,남안성,공도(집),1792.0,1988.0,-196.0,110.9%
662.0,20260518,평택,남안성,안성(집),905.0,883.0,22.0,97.6%
663.0,20260518,평택,송탄,서탄(집),1036.0,1132.0,-96.0,109.3%
664.0,20260518,평택,송탄,송탄(집),793.0,862.0,-69.0,108.7%
665.0,20260518,평택,안중,고덕(집),1516.0,1665.0,-149.0,109.8%
666.0,20260518,평택,안중,평택청북(집),1082.0,1165.0,-83.0,107.7%
667.0,20260518,평택,오산,오산고현(집),568.0,561.0,7.0,98.8%
668.0,20260518,평택,오산,오산중앙(집),984.0,1074.0,-90.0,109.1%
669.0,20260518,평택,평택,비전(집),794.0,868.0,-74.0,109.3%
670.0,20260518,평택,평택,용이(집),728.0,767.0,-39.0,105.4%
671.0,20260518,평택,평택,평택지제(집),829.0,854.0,-25.0,103%
672.0,20260518,포항,경주,보문(집),1538.0,1540.0,-2.0,100.1%
673.0,20260518,포항,경주,황성(집),169.0,180.0,-11.0,106.5%
674.0,20260518,포항,남경주,감포(집),378.0,345.0,33.0,91.3%
675.0,20260518,포항,남경주,안강(집),763.0,576.0,187.0,75.5%
676.0,20260518,포항,영덕,영덕(집),300.0,277.0,23.0,92.3%
677.0,20260518,포항,영덕,후포(집),106.0,47.0,59.0,44.3%
678.0,20260518,포항,울진,울진(집),166.0,172.0,-6.0,103.6%
679.0,20260518,포항,울진,죽변(집),226.0,156.0,70.0,69%
680.0,20260518,포항,포항,기계(집),84.0,84.0,0.0,100%
681.0,20260518,포항,포항,오천(집),941.0,1091.0,-150.0,115.9%
682.0,20260518,포항,포항,포항중앙(집),533.0,535.0,-2.0,100.4%
683.0,20260518,포항,포항,효곡(집),827.0,868.0,-41.0,105%
684.0,20260518,포항,포항북구,구룡포(집),54.0,75.0,-21.0,138.9%
685.0,20260518,포항,포항북구,양덕(집),640.0,677.0,-37.0,105.8%
686.0,20260518,포항,포항북구,울릉(집),239.0,145.0,94.0,60.7%
687.0,20260518,포항,포항북구,포항북구(집),559.0,597.0,-38.0,106.8%
688.0,20260518,포항,포항북구,흥해(집),712.0,733.0,-21.0,102.9%
689.0,20260518,하남,구리,구리(집),1304.0,1322.0,-18.0,101.4%
690.0,20260518,하남,구리사노1(광진),광장(집),122.0,142.0,-20.0,116.4%
691.0,20260518,하남,구리사노1(광진),구의(집),510.0,520.0,-10.0,102%
692.0,20260518,하남,구리사노1(광진),군자(집),303.0,335.0,-32.0,110.6%
693.0,20260518,하남,구리사노1(광진),자양(집),381.0,343.0,38.0,90%
694.0,20260518,하남,구리사노1(광진),중곡(집),267.0,301.0,-34.0,112.7%
695.0,20260518,하남,미사,교산(집),13.0,17.0,-4.0,130.8%
696.0,20260518,하남,미사,미사(집),613.0,666.0,-53.0,108.6%
697.0,20260518,하남,미사,미사중앙(집),270.0,289.0,-19.0,107%
698.0,20260518,하남,성동,금호(집),500.0,386.0,114.0,77.2%
699.0,20260518,하남,성동,성수(집),461.0,446.0,15.0,96.7%
700.0,20260518,하남,성동,왕십리(집),115.0,135.0,-20.0,117.4%
701.0,20260518,하남,성동,행당(집),129.0,186.0,-57.0,144.2%
702.0,20260518,하남,하남,감일(집),194.0,224.0,-30.0,115.5%
703.0,20260518,하남,하남,덕풍(집),359.0,395.0,-36.0,110%
704.0,20260518,하남,하남,하남신장(집),505.0,492.0,13.0,97.4%
705.0,20260518,하남,하남,학암(집),225.0,339.0,-114.0,150.7%
합계,,,,,392934.0,417263.0,-24329.0,106.2
