No,일자,택배지점,터미널,집배점,배송완료 대상건수,배송 예정시간내 건수,배송 예정 시간내 완료율
1.0,20260518,강릉,간성,강원 고성(집),189.0,149.0,78.8%
2.0,20260518,강릉,간성,거진(집),172.0,140.0,81.4%
3.0,20260518,강릉,강릉,강릉교동(집),630.0,619.0,98.3%
4.0,20260518,강릉,강릉,강릉입암(집),351.0,347.0,98.9%
5.0,20260518,강릉,강릉,강릉중앙(집),268.0,257.0,95.9%
6.0,20260518,강릉,강릉,강릉홍제(집),295.0,294.0,99.7%
7.0,20260518,강릉,강릉,주문진(집),250.0,222.0,88.8%
8.0,20260518,강릉,강릉,포남(집),330.0,330.0,100%
9.0,20260518,강릉,동해,남동해(집),433.0,432.0,99.8%
10.0,20260518,강릉,동해,동해(집),483.0,418.0,86.5%
11.0,20260518,강릉,삼척,삼척(집),554.0,513.0,92.6%
12.0,20260518,강릉,속초,속초설악(집),384.0,354.0,92.2%
13.0,20260518,강릉,속초,속초양양(집),1040.0,762.0,73.3%
14.0,20260518,강북,강북,미아(집),1763.0,1286.0,72.9%
15.0,20260518,강북,강북,번동(집),390.0,301.0,77.2%
16.0,20260518,강북,고암(노원),노원(집),3183.0,2686.0,84.4%
17.0,20260518,강북,고암(노원),중계(집),765.0,750.0,98%
18.0,20260518,강북,도봉,도봉(집),1678.0,1339.0,79.8%
19.0,20260518,강북,도봉,창동(집),844.0,647.0,76.7%
20.0,20260518,강북,의정부,가능(집),2032.0,1714.0,84.4%
21.0,20260518,강북,의정부,의정부(집),632.0,559.0,88.4%
22.0,20260518,강북,의정부,의정부용현(집),725.0,708.0,97.7%
23.0,20260518,강북,의정부,호원(집),753.0,731.0,97.1%
24.0,20260518,강서,강서,강서공항(집),410.0,399.0,97.3%
25.0,20260518,강서,강서,마곡(집),727.0,514.0,70.7%
26.0,20260518,강서,강서,방화(집),891.0,855.0,96%
27.0,20260518,강서,강화,강화교동(집),447.0,393.0,87.9%
28.0,20260518,강서,강화,강화삼산(집),395.0,323.0,81.8%
29.0,20260518,강서,김포,김포구래(집),2143.0,1681.0,78.4%
30.0,20260518,강서,김포,김포장기(집),1137.0,904.0,79.5%
31.0,20260518,강서,김포2,김포대곶(집),736.0,676.0,91.8%
32.0,20260518,강서,김포2,김포마산(집),637.0,531.0,83.4%
33.0,20260518,강서,김포2,김포양촌(집),541.0,532.0,98.3%
34.0,20260518,강서,김포2,김포운양(집),794.0,754.0,95%
35.0,20260518,강서,목동,등촌(집),972.0,901.0,92.7%
36.0,20260518,강서,목동,신목동(집),771.0,682.0,88.5%
37.0,20260518,강서,신월,목일(집),274.0,240.0,87.6%
38.0,20260518,강서,신월,양천신월(집),871.0,719.0,82.5%
39.0,20260518,강서,신월,화곡(집),1339.0,1298.0,96.9%
40.0,20260518,강서,양천,신목(집),421.0,392.0,93.1%
41.0,20260518,강서,양천,신정(집),929.0,912.0,98.2%
42.0,20260518,강서,양천,염창(집),325.0,323.0,99.4%
43.0,20260518,광주,고창,고창(집),469.0,360.0,76.8%
44.0,20260518,광주,광주,광주송정(집),1752.0,1524.0,87%
45.0,20260518,광주,광주,수완(집),1484.0,1246.0,84%
46.0,20260518,광주,나주,나주(집),1046.0,842.0,80.5%
47.0,20260518,광주,나주,나주동구(집),338.0,317.0,93.8%
48.0,20260518,광주,남광주,광주금호(집),599.0,539.0,90%
49.0,20260518,광주,남광주,광주방림(집),968.0,547.0,56.5%
50.0,20260518,광주,남광주,광주진월(집),1308.0,1245.0,95.2%
51.0,20260518,광주,담양,담양(집),529.0,503.0,95.1%
52.0,20260518,광주,동광주,광주 광산(집),1662.0,1553.0,93.4%
53.0,20260518,광주,동광주,무등(집),1336.0,1254.0,93.9%
54.0,20260518,광주,동광주,오치(집),873.0,787.0,90.1%
55.0,20260518,광주,부안,부안(집),467.0,274.0,58.7%
56.0,20260518,광주,북광주,동문(집),708.0,590.0,83.3%
57.0,20260518,광주,북광주,용봉(집),1139.0,1074.0,94.3%
58.0,20260518,광주,북광주,중흥(집),1967.0,1599.0,81.3%
59.0,20260518,광주,서광주,광주 중부(집),1088.0,1028.0,94.5%
60.0,20260518,광주,서광주,광주화정(집),642.0,625.0,97.4%
61.0,20260518,광주,서광주,풍암(집),625.0,567.0,90.7%
62.0,20260518,광주,장성,순창(집),226.0,161.0,71.2%
63.0,20260518,광주,장성,영광(집),146.0,106.0,72.6%
64.0,20260518,광주,장성,영광읍(집),341.0,326.0,95.6%
65.0,20260518,광주,장성,장성(집),356.0,292.0,82%
66.0,20260518,광주,장성,화순(집),631.0,517.0,81.9%
67.0,20260518,광주,정읍,정읍(집),1021.0,824.0,80.7%
68.0,20260518,구로,관악,서원(집),426.0,347.0,81.5%
69.0,20260518,구로,관악,신림서(집),683.0,571.0,83.6%
70.0,20260518,구로,관악,조원(집),658.0,642.0,97.6%
71.0,20260518,구로,구로,고척(집),848.0,726.0,85.6%
72.0,20260518,구로,구로,구로남(집),622.0,560.0,90%
73.0,20260518,구로,구로,구로중앙(집),868.0,783.0,90.2%
74.0,20260518,구로,남서울,가산벤처(집),617.0,605.0,98.1%
75.0,20260518,구로,남서울,신대림(집),579.0,389.0,67.2%
76.0,20260518,구로,독산/시흥,구로시흥(집),771.0,677.0,87.8%
77.0,20260518,구로,독산/시흥,독산(집),801.0,732.0,91.4%
78.0,20260518,구로,동작,상도(집),557.0,487.0,87.4%
79.0,20260518,구로,동작,상도중앙(집),324.0,298.0,92%
80.0,20260518,구로,동작,신대방(집),615.0,504.0,82%
81.0,20260518,구로,동작사당,노량진(집),821.0,725.0,88.3%
82.0,20260518,구로,동작사당,사당(집),889.0,844.0,94.9%
83.0,20260518,구로,봉천,관악성현(집),422.0,390.0,92.4%
84.0,20260518,구로,봉천,은천(집),533.0,473.0,88.7%
85.0,20260518,구로,봉천,인헌(집),349.0,349.0,100%
86.0,20260518,구로,봉천,행운(집),645.0,488.0,75.7%
87.0,20260518,구로,신구로,구로 서(집),316.0,311.0,98.4%
88.0,20260518,구로,신구로,천왕(집),834.0,798.0,95.7%
89.0,20260518,구로,영등포,신길(집),876.0,839.0,95.8%
90.0,20260518,구로,영등포,여의도(집),1832.0,1554.0,84.8%
91.0,20260518,구로,영등포,영등포중앙(집),788.0,688.0,87.3%
92.0,20260518,구미,구미,구미공단(집),367.0,350.0,95.4%
93.0,20260518,구미,구미,구미지산(집),698.0,697.0,99.9%
94.0,20260518,구미,구미,봉곡(집),292.0,209.0,71.6%
95.0,20260518,구미,구미,선산(집),265.0,249.0,94%
96.0,20260518,구미,구미,송정(집),516.0,514.0,99.6%
97.0,20260518,구미,구미,옥계(집),1057.0,1038.0,98.2%
98.0,20260518,구미,구미,형곡(집),582.0,572.0,98.3%
99.0,20260518,구미,군위,군위(집),153.0,151.0,98.7%
100.0,20260518,구미,김천,김천덕곡(집),135.0,135.0,100%
101.0,20260518,구미,김천,김천신음(집),583.0,409.0,70.2%
102.0,20260518,구미,김천,김천아포(집),207.0,207.0,100%
103.0,20260518,구미,김천,김천혁신(집),299.0,278.0,93%
104.0,20260518,구미,문경,문경(집),570.0,405.0,71.1%
105.0,20260518,구미,상주,상주(집),827.0,679.0,82.1%
106.0,20260518,구미,성주,성주(집),307.0,160.0,52.1%
107.0,20260518,구미,칠곡,왜관(집),1046.0,964.0,92.2%
108.0,20260518,구미,칠곡,인동(집),627.0,585.0,93.3%
109.0,20260518,구미,칠곡,임수(집),297.0,242.0,81.5%
110.0,20260518,군포,과천,과천(집),703.0,366.0,52.1%
111.0,20260518,군포,군포(H동),군포금정(집),985.0,859.0,87.2%
112.0,20260518,군포,군포(H동),군포부곡(집),722.0,649.0,89.9%
113.0,20260518,군포,군포(H동),산본(집),688.0,531.0,77.2%
114.0,20260518,군포,안양동안(철송장),안양관양(집),1043.0,1031.0,98.8%
115.0,20260518,군포,안양동안(철송장),평촌(집),913.0,881.0,96.5%
116.0,20260518,군포,안양동안(철송장),호계(집),1256.0,1036.0,82.5%
117.0,20260518,군포,안양만안,만안(집),1391.0,1276.0,91.7%
118.0,20260518,군포,안양만안,석수(집),866.0,769.0,88.8%
119.0,20260518,군포,의왕,의왕(집),1817.0,1723.0,94.8%
120.0,20260518,남양주,다산,남양주다산(집),391.0,382.0,97.7%
121.0,20260518,남양주,다산,남양주양정(집),1070.0,1063.0,99.3%
122.0,20260518,남양주,별내,별내(집),1183.0,1072.0,90.6%
123.0,20260518,남양주,별내,오남(집),399.0,390.0,97.7%
124.0,20260518,남양주,양평,양평(집),1586.0,1155.0,72.8%
125.0,20260518,남양주,진접,남양주왕숙(집),450.0,433.0,96.2%
126.0,20260518,남양주,진접,진접(집),901.0,809.0,89.8%
127.0,20260518,남양주,진접,진접장현(집),420.0,338.0,80.5%
128.0,20260518,남양주,화도,와부(집),997.0,906.0,90.9%
129.0,20260518,남양주,화도,화도(집),2563.0,1527.0,59.6%
130.0,20260518,대구,고령,고령(집),289.0,212.0,73.4%
131.0,20260518,대구,남구,대명(집),490.0,480.0,98%
132.0,20260518,대구,남구,대명남(집),452.0,452.0,100%
133.0,20260518,대구,남구,봉덕(집),453.0,452.0,99.8%
134.0,20260518,대구,달서,다사(집),1670.0,1627.0,97.4%
135.0,20260518,대구,달서,성서(집),598.0,541.0,90.5%
136.0,20260518,대구,달서,월성(집),483.0,472.0,97.7%
137.0,20260518,대구,달성,가창(집),103.0,54.0,52.4%
138.0,20260518,대구,달성,달성(집),577.0,577.0,100%
139.0,20260518,대구,달성,대구진천(집),708.0,645.0,91.1%
140.0,20260518,대구,달성,상인(집),838.0,791.0,94.4%
141.0,20260518,대구,달성,옥포(집),427.0,424.0,99.3%
142.0,20260518,대구,달성,현풍(집),1329.0,1312.0,98.7%
143.0,20260518,대구,대구,대구 용산(집),1367.0,1156.0,84.6%
144.0,20260518,대구,대구,송현(집),862.0,825.0,95.7%
145.0,20260518,대구,동명,동명(집),46.0,46.0,100%
146.0,20260518,대구,서대구,이현(집),614.0,599.0,97.6%
147.0,20260518,대구,서대구,평리(집),883.0,767.0,86.9%
148.0,20260518,대전,공주,공주(집),360.0,281.0,78.1%
149.0,20260518,대전,공주,장군(집),666.0,355.0,53.3%
150.0,20260518,대전,금산,금산(집),573.0,451.0,78.7%
151.0,20260518,대전,논산,강경(집),291.0,257.0,88.3%
152.0,20260518,대전,논산,논산(집),774.0,638.0,82.4%
153.0,20260518,대전,대전A,계룡(집),529.0,453.0,85.6%
154.0,20260518,대전,대전A,관평(집),691.0,652.0,94.4%
155.0,20260518,대전,대전A,봉명(집),2355.0,1623.0,68.9%
156.0,20260518,대전,대전A,전민(집),947.0,832.0,87.9%
157.0,20260518,대전,대전A,진잠반석(집),740.0,570.0,77%
158.0,20260518,대전,대전중구,둔산(집),1078.0,1036.0,96.1%
159.0,20260518,대전,대전중구,문화(집),524.0,419.0,80%
160.0,20260518,대전,대전중구,은행(집),408.0,394.0,96.6%
161.0,20260518,대전,대전중구,중촌대흥(집),1159.0,1100.0,94.9%
162.0,20260518,대전,동대전,대전성남(집),1665.0,1544.0,92.7%
163.0,20260518,대전,무주,무주(집),214.0,167.0,78%
164.0,20260518,대전,부여,부여(집),566.0,518.0,91.5%
165.0,20260518,대전,북대전,송촌(집),1176.0,1143.0,97.2%
166.0,20260518,대전,북대전,신탄진(집),721.0,718.0,99.6%
167.0,20260518,대전,서대전,관저(집),1370.0,961.0,70.1%
168.0,20260518,대전,서대전,월평탄방(집),1313.0,1199.0,91.3%
169.0,20260518,대전,서대전,정림(집),821.0,736.0,89.6%
170.0,20260518,대전,영동,영동(집),510.0,253.0,49.6%
171.0,20260518,대전,옥천,옥천(집),590.0,339.0,57.5%
172.0,20260518,대전,조치원,남세종(집),763.0,761.0,99.7%
173.0,20260518,대전,조치원,서세종(집),1401.0,1344.0,95.9%
174.0,20260518,대전,조치원,세종중앙(집),778.0,734.0,94.3%
175.0,20260518,대전,조치원,연기(집),1480.0,1142.0,77.2%
176.0,20260518,대전,조치원,전의(집),592.0,515.0,87%
177.0,20260518,대전,청양,청양(집),264.0,159.0,60.2%
178.0,20260518,동대구,경산,경산백천(집),635.0,515.0,81.1%
179.0,20260518,동대구,경산,경산중산(집),1212.0,848.0,70%
180.0,20260518,동대구,경산,하양(집),1278.0,1085.0,84.9%
181.0,20260518,동대구,대구중구,대구중구(집),1339.0,1275.0,95.2%
182.0,20260518,동대구,대구중구,대봉(집),677.0,606.0,89.5%
183.0,20260518,동대구,대구중구,봉무(집),515.0,488.0,94.8%
184.0,20260518,동대구,동대구,대구방촌(집),508.0,473.0,93.1%
185.0,20260518,동대구,동대구,대구신천(집),718.0,653.0,90.9%
186.0,20260518,동대구,동대구,안심(집),1013.0,944.0,93.2%
187.0,20260518,동대구,북대구,대구 강북(집),1107.0,652.0,58.9%
188.0,20260518,동대구,북대구,대구매천(집),521.0,485.0,93.1%
189.0,20260518,동대구,북대구,산격(집),960.0,835.0,87%
190.0,20260518,동대구,북대구,칠성(집),1120.0,1099.0,98.1%
191.0,20260518,동대구,북대구,학정(집),428.0,39.0,9.1%
192.0,20260518,동대구,수성구,두산(집),1035.0,922.0,89.1%
193.0,20260518,동대구,수성구,만촌(집),509.0,407.0,80%
194.0,20260518,동대구,수성구,수성(집),1873.0,1461.0,78%
195.0,20260518,동대구,수성구,시지(집),932.0,850.0,91.2%
196.0,20260518,동대구,영천,영천(집),806.0,721.0,89.5%
197.0,20260518,동대구,청도,청도(집),271.0,177.0,65.3%
198.0,20260518,동대문,구리사노2(성북),길음(집),216.0,215.0,99.5%
199.0,20260518,동대문,구리사노2(성북),돈암(집),168.0,166.0,98.8%
200.0,20260518,동대문,구리사노2(성북),신성북(집),186.0,186.0,100%
201.0,20260518,동대문,구리사노2(성북),안암(집),127.0,117.0,92.1%
202.0,20260518,동대문,구리사노2(성북),월곡(집),1041.0,986.0,94.7%
203.0,20260518,동대문,구리사노2(성북),정릉(집),874.0,739.0,84.6%
204.0,20260518,동대문,구리사노2(성북),종암(집),218.0,214.0,98.2%
205.0,20260518,동대문,구리사노2(중랑),망우(집),800.0,688.0,86%
206.0,20260518,동대문,구리사노2(중랑),면목(집),1320.0,1171.0,88.7%
207.0,20260518,동대문,구리사노2(중랑),묵동(집),377.0,354.0,93.9%
208.0,20260518,동대문,구리사노2(중랑),상봉(집),340.0,324.0,95.3%
209.0,20260518,동대문,동대문(종로),내수(집),288.0,287.0,99.7%
210.0,20260518,동대문,동대문(종로),숭인(집),370.0,358.0,96.8%
211.0,20260518,동대문,동대문(종로),인사(집),478.0,356.0,74.5%
212.0,20260518,동대문,동대문(종로),종로3가(집),297.0,297.0,100%
213.0,20260518,동대문,동대문(종로),종로평창(집),201.0,175.0,87.1%
214.0,20260518,동대문,동대문(종로),창신(집),350.0,341.0,97.4%
215.0,20260518,동대문,성수(동대문),용두(집),332.0,292.0,88%
216.0,20260518,동대문,성수(동대문),이문(집),810.0,808.0,99.8%
217.0,20260518,동대문,성수(동대문),장안(집),642.0,326.0,50.8%
218.0,20260518,동대문,성수(동대문),전농(집),949.0,707.0,74.5%
219.0,20260518,동대문,성수(동대문),제기(집),274.0,257.0,93.8%
220.0,20260518,마포,서대문,북가좌(집),1024.0,1001.0,97.8%
221.0,20260518,마포,서대문,연희(집),527.0,421.0,79.9%
222.0,20260518,마포,서대문,홍은(집),790.0,621.0,78.6%
223.0,20260518,마포,신마포,서교(집),571.0,492.0,86.2%
224.0,20260518,마포,신마포,염리(집),1464.0,1292.0,88.3%
225.0,20260518,마포,신마포,홍제(집),498.0,350.0,70.3%
226.0,20260518,마포,신수(용산),남대문시장(집),101.0,94.0,93.1%
227.0,20260518,마포,신수(용산),보광(집),51.0,34.0,66.7%
228.0,20260518,마포,신수(용산),신당(집),590.0,518.0,87.8%
229.0,20260518,마포,신수(용산),이태원(집),213.0,97.0,45.5%
230.0,20260518,마포,신수(용산),후암(집),652.0,584.0,89.6%
231.0,20260518,마포,용산2,용산(집),723.0,543.0,75.1%
232.0,20260518,마포,용산2,원효(집),752.0,518.0,68.9%
233.0,20260518,마포,장항1(중구),남산(집),317.0,197.0,62.1%
234.0,20260518,마포,장항1(중구),무교(집),651.0,502.0,77.1%
235.0,20260518,마포,장항1(중구),을지(집),284.0,259.0,91.2%
236.0,20260518,마포,장항1(중구),충정로(집),305.0,298.0,97.7%
237.0,20260518,마포,장항1(중구),해운(집),255.0,141.0,55.3%
238.0,20260518,마포,장항2(마포),마포도화(집),267.0,226.0,84.6%
239.0,20260518,마포,장항2(마포),망원(집),340.0,318.0,93.5%
240.0,20260518,마포,장항2(마포),상암(집),625.0,490.0,78.4%
241.0,20260518,마포,장항2(마포),서강(집),610.0,593.0,97.2%
242.0,20260518,목포,강진,강진(집),372.0,229.0,61.6%
243.0,20260518,목포,목포,목포(집),1459.0,1245.0,85.3%
244.0,20260518,목포,목포,목포남악(집),868.0,827.0,95.3%
245.0,20260518,목포,목포,신안(집),149.0,54.0,36.2%
246.0,20260518,목포,목포,영암삼호(집),343.0,336.0,98%
247.0,20260518,목포,무안,무안(집),840.0,695.0,82.7%
248.0,20260518,목포,영암,영암(집),244.0,192.0,78.7%
249.0,20260518,목포,완도,고금(집),65.0,54.0,83.1%
250.0,20260518,목포,완도,노화(집),32.0,32.0,100%
251.0,20260518,목포,완도,완도(집),298.0,189.0,63.4%
252.0,20260518,목포,장흥,장흥(집),334.0,273.0,81.7%
253.0,20260518,목포,진도,진도(집),283.0,185.0,65.4%
254.0,20260518,목포,함평,함평(집),260.0,260.0,100%
255.0,20260518,목포,해남,해남(집),475.0,409.0,86.1%
256.0,20260518,목포,해남,해남황산(집),124.0,112.0,90.3%
257.0,20260518,부산,기장,금사(집),913.0,880.0,96.4%
258.0,20260518,부산,기장,기장(집),527.0,526.0,99.8%
259.0,20260518,부산,기장,부산구서(집),800.0,707.0,88.4%
260.0,20260518,부산,기장,부산남산(집),314.0,277.0,88.2%
261.0,20260518,부산,기장,정관(집),1864.0,1745.0,93.6%
262.0,20260518,부산,남부산,부산대연(집),276.0,276.0,100%
263.0,20260518,부산,남부산,부산우암(집),597.0,597.0,100%
264.0,20260518,부산,남부산,수영(집),1275.0,1208.0,94.7%
265.0,20260518,부산,남부산,영도(집),887.0,883.0,99.5%
266.0,20260518,부산,동부산,암남(집),698.0,606.0,86.8%
267.0,20260518,부산,동부산,연제동(집),1338.0,1288.0,96.3%
268.0,20260518,부산,동부산,연제중앙(집),771.0,721.0,93.5%
269.0,20260518,부산,부산서구,부산대신(집),416.0,381.0,91.6%
270.0,20260518,부산,부산서구,용호(집),2189.0,2008.0,91.7%
271.0,20260518,부산,부산진,부산당감(집),385.0,384.0,99.7%
272.0,20260518,부산,부산진,부산양정(집),1169.0,1041.0,89.1%
273.0,20260518,부산,부산진,부산용당(집),231.0,229.0,99.1%
274.0,20260518,부산,부산진,연지(집),861.0,832.0,96.6%
275.0,20260518,부산,부산진,전포(집),476.0,443.0,93.1%
276.0,20260518,부산,북부산,해운대마린(집),807.0,801.0,99.3%
277.0,20260518,부산,북부산,해운대반여(집),708.0,668.0,94.4%
278.0,20260518,부산,북부산,해운대북(집),580.0,576.0,99.3%
279.0,20260518,부산,북부산,해운대좌동(집),362.0,358.0,98.9%
280.0,20260518,부산,북부산,해운대중동(집),1250.0,1173.0,93.8%
281.0,20260518,부천,광명,광명(집),731.0,699.0,95.6%
282.0,20260518,부천,광명,역곡(집),799.0,638.0,79.8%
283.0,20260518,부천,광명,철산(집),629.0,612.0,97.3%
284.0,20260518,부천,광명,하안본(집),1159.0,1095.0,94.5%
285.0,20260518,부천,부천,삼정(집),542.0,525.0,96.9%
286.0,20260518,부천,부천,소사중앙(집),722.0,695.0,96.3%
287.0,20260518,부천,부천,오정(집),914.0,735.0,80.4%
288.0,20260518,부천,부천,옥길(집),598.0,595.0,99.5%
289.0,20260518,부천,부천,원미(집),915.0,842.0,92%
290.0,20260518,부천,부천송내,상동본(집),391.0,304.0,77.7%
291.0,20260518,부천,부천송내,상동중앙(집),553.0,515.0,93.1%
292.0,20260518,부천,부천송내,송내본(집),675.0,663.0,98.2%
293.0,20260518,부천,부천송내,중동(집),1316.0,1115.0,84.7%
294.0,20260518,부평,검단,검단(집),1304.0,1195.0,91.6%
295.0,20260518,부평,검단,아라(집),1495.0,1435.0,96%
296.0,20260518,부평,부평,갈산(집),916.0,910.0,99.3%
297.0,20260518,부평,부평,부평부개(집),1140.0,997.0,87.5%
298.0,20260518,부평,부평,부평삼산(집),432.0,426.0,98.6%
299.0,20260518,부평,부평,산곡(집),602.0,595.0,98.8%
300.0,20260518,부평,부평,청천(집),799.0,797.0,99.7%
301.0,20260518,부평,서인천,가좌(집),615.0,572.0,93%
302.0,20260518,부평,서인천,계산(집),785.0,721.0,91.8%
303.0,20260518,부평,서인천,계양(집),504.0,377.0,74.8%
304.0,20260518,부평,서인천,서구연희(집),642.0,572.0,89.1%
305.0,20260518,부평,서인천,신석남(집),439.0,425.0,96.8%
306.0,20260518,부평,서인천,작전(집),699.0,606.0,86.7%
307.0,20260518,부평,서인천,효성(집),426.0,339.0,79.6%
308.0,20260518,부평,청라,청라(집),2208.0,2177.0,98.6%
309.0,20260518,분당,경기광주,성남금광(집),605.0,461.0,76.2%
310.0,20260518,분당,곤지암,곤지암(집),1503.0,1064.0,70.8%
311.0,20260518,분당,곤지암,초월(집),1530.0,1487.0,97.2%
312.0,20260518,분당,곤지암(태전),경안(집),1264.0,1071.0,84.7%
313.0,20260518,분당,분당,분당정자(집),1201.0,1191.0,99.2%
314.0,20260518,분당,분당,판교(집),2160.0,2121.0,98.2%
315.0,20260518,분당,성남,금토(집),232.0,229.0,98.7%
316.0,20260518,분당,성남,상대원(집),404.0,390.0,96.5%
317.0,20260518,분당,성남,성남중원(집),784.0,760.0,96.9%
318.0,20260518,분당,성남,신흥(집),546.0,530.0,97.1%
319.0,20260518,분당,수정,성남수진(집),1049.0,824.0,78.6%
320.0,20260518,분당,수정,창곡(집),204.0,83.0,40.7%
321.0,20260518,분당,신분당,분당구미(집),1056.0,1043.0,98.8%
322.0,20260518,분당,신분당,분당서현(집),963.0,954.0,99.1%
323.0,20260518,분당,오포,광주오포(집),590.0,522.0,88.5%
324.0,20260518,분당,오포,신오포(집),915.0,827.0,90.4%
325.0,20260518,서부산,부산강서,부산대저(집),958.0,957.0,99.9%
326.0,20260518,서부산,부산강서,하단명지(집),2218.0,2184.0,98.5%
327.0,20260518,서부산,사하,개금(집),431.0,390.0,90.5%
328.0,20260518,서부산,사하,다대(집),646.0,612.0,94.7%
329.0,20260518,서부산,사하,범천(집),353.0,330.0,93.5%
330.0,20260518,서부산,사하,신평(집),620.0,603.0,97.3%
331.0,20260518,서부산,서부산,감전(집),626.0,521.0,83.2%
332.0,20260518,서부산,서부산,괘법(집),850.0,843.0,99.2%
333.0,20260518,서부산,서부산,엄궁(집),482.0,389.0,80.7%
334.0,20260518,서부산,중부산,국제시장(집),135.0,132.0,97.8%
335.0,20260518,서부산,중부산,동래사직(집),537.0,503.0,93.7%
336.0,20260518,서부산,중부산,동래온천(집),948.0,833.0,87.9%
337.0,20260518,서부산,중부산,동래중앙(집),535.0,484.0,90.5%
338.0,20260518,서부산,중부산,범일(집),361.0,356.0,98.6%
339.0,20260518,서부산,중부산,안락남포(집),870.0,807.0,92.8%
340.0,20260518,서부산,중부산,초량(집),508.0,451.0,88.8%
341.0,20260518,서산당진,당진,송악(집),653.0,460.0,70.4%
342.0,20260518,서산당진,당진,수청(집),1380.0,868.0,62.9%
343.0,20260518,서산당진,동서산,석림(집),970.0,862.0,88.9%
344.0,20260518,서산당진,동서산,수석(집),730.0,506.0,69.3%
345.0,20260518,서산당진,보령,보령(집),895.0,781.0,87.3%
346.0,20260518,서산당진,서산,읍내(집),539.0,510.0,94.6%
347.0,20260518,서산당진,태안,태안(집),682.0,569.0,83.4%
348.0,20260518,서산당진,홍성,홍성(집),1410.0,1278.0,90.6%
349.0,20260518,송파,강남,논현(집),631.0,439.0,69.6%
350.0,20260518,송파,강남,삼성(집),556.0,456.0,82%
351.0,20260518,송파,강남,세곡(집),350.0,323.0,92.3%
352.0,20260518,송파,강동,강동(집),707.0,668.0,94.5%
353.0,20260518,송파,강동,암사(집),1082.0,964.0,89.1%
354.0,20260518,송파,강동고덕,길동(집),1155.0,667.0,57.7%
355.0,20260518,송파,거여,거여(집),542.0,402.0,74.2%
356.0,20260518,송파,대치,대치(집),1049.0,714.0,68.1%
357.0,20260518,송파,동서울,신송파(집),611.0,534.0,87.4%
358.0,20260518,송파,동서울,장지(집),192.0,192.0,100%
359.0,20260518,송파,방배,반포(집),424.0,388.0,91.5%
360.0,20260518,송파,방배,방배(집),1033.0,863.0,83.5%
361.0,20260518,송파,서초,서초(집),1160.0,977.0,84.2%
362.0,20260518,송파,서초,양재(집),731.0,643.0,88%
363.0,20260518,송파,송파,가락(집),1110.0,1013.0,91.3%
364.0,20260518,송파,송파석촌,성내(집),542.0,523.0,96.5%
365.0,20260518,송파,송파석촌,잠실2(집),552.0,191.0,34.6%
366.0,20260518,송파,송파오금,오금(집),1010.0,912.0,90.3%
367.0,20260518,송파,신사,신사(집),507.0,485.0,95.7%
368.0,20260518,송파,신사,잠실본동(집),339.0,310.0,91.4%
369.0,20260518,송파,역삼,개포(집),1163.0,1062.0,91.3%
370.0,20260518,송파,역삼,역삼(집),694.0,649.0,93.5%
371.0,20260518,송파,역삼,역삼1(집),275.0,272.0,98.9%
372.0,20260518,송파,잠실,방이(집),1334.0,926.0,69.4%
373.0,20260518,송파,잠실,송파신천(집),381.0,279.0,73.2%
374.0,20260518,송파,잠원,수서(집),542.0,511.0,94.3%
375.0,20260518,송파,잠원,잠원(집),1232.0,1024.0,83.1%
376.0,20260518,송파,천호,천호(집),521.0,177.0,34%
377.0,20260518,수원,남수원,신팔달(집),1169.0,841.0,71.9%
378.0,20260518,수원,남수원,인우(집),810.0,770.0,95.1%
379.0,20260518,수원,동수원,권선(집),1068.0,887.0,83.1%
380.0,20260518,수원,동수원,서권선(집),1728.0,1323.0,76.6%
381.0,20260518,수원,동수원,수원구운(집),801.0,550.0,68.7%
382.0,20260518,수원,동탄,기산(집),432.0,404.0,93.5%
383.0,20260518,수원,동탄,남동탄(집),718.0,678.0,94.4%
384.0,20260518,수원,동탄,동탄산척(집),1463.0,1380.0,94.3%
385.0,20260518,수원,동탄,신동탄(집),998.0,864.0,86.6%
386.0,20260518,수원,동탄병점,동탄(집),1025.0,933.0,91%
387.0,20260518,수원,동탄병점,병점(집),1613.0,1240.0,76.9%
388.0,20260518,수원,북수원,수원정자(집),727.0,411.0,56.5%
389.0,20260518,수원,북수원,수원조원(집),480.0,389.0,81%
390.0,20260518,수원,북수원,수원천천(집),828.0,686.0,82.9%
391.0,20260518,수원,수원,광교(집),938.0,864.0,92.1%
392.0,20260518,수원,수원,매탄(집),1300.0,1171.0,90.1%
393.0,20260518,수원,수원,수원 영통(집),545.0,486.0,89.2%
394.0,20260518,수원,수원,신영통(집),740.0,729.0,98.5%
395.0,20260518,수원,화성,남양(집),1608.0,1493.0,92.8%
396.0,20260518,수원,화성,우정(집),521.0,509.0,97.7%
397.0,20260518,수원,화성,팔탄(집),669.0,611.0,91.3%
398.0,20260518,수원,화성,화성서신(집),454.0,303.0,66.7%
399.0,20260518,수원,화성우정,봉담(집),1736.0,1297.0,74.7%
400.0,20260518,수원,화성우정,양감(집),823.0,817.0,99.3%
401.0,20260518,수원,화성우정,향남(집),1109.0,731.0,65.9%
402.0,20260518,순천,고흥,고흥(집),399.0,242.0,60.7%
403.0,20260518,순천,고흥,녹동(집),121.0,115.0,95%
404.0,20260518,순천,곡성,곡성(집),253.0,93.0,36.8%
405.0,20260518,순천,광양,광양(집),1963.0,1841.0,93.8%
406.0,20260518,순천,구례,구례(집),265.0,96.0,36.2%
407.0,20260518,순천,보성,벌교(집),167.0,31.0,18.6%
408.0,20260518,순천,보성,보성(집),182.0,123.0,67.6%
409.0,20260518,순천,순천,순천매곡(집),1435.0,1252.0,87.2%
410.0,20260518,순천,순천,순천해룡(집),1852.0,1632.0,88.1%
411.0,20260518,순천,여수,돌산(집),170.0,128.0,75.3%
412.0,20260518,순천,여수,여수(집),493.0,469.0,95.1%
413.0,20260518,순천,여수,여수문수(집),718.0,590.0,82.2%
414.0,20260518,순천,여수,여천(집),1373.0,726.0,52.9%
415.0,20260518,순천,여수,여천학동(집),818.0,800.0,97.8%
416.0,20260518,순천,여수,한려(집),39.0,30.0,76.9%
417.0,20260518,안동,봉화,봉화(집),486.0,419.0,86.2%
418.0,20260518,안동,안동,안동명륜(집),221.0,208.0,94.1%
419.0,20260518,안동,안동,안동송현(집),898.0,837.0,93.2%
420.0,20260518,안동,안동,안동용상(집),556.0,525.0,94.4%
421.0,20260518,안동,영양,영양(집),149.0,122.0,81.9%
422.0,20260518,안동,영주,영주조아(집),203.0,149.0,73.4%
423.0,20260518,안동,영주,영주휴천(집),216.0,179.0,82.9%
424.0,20260518,안동,영주,풍기(집),338.0,229.0,67.8%
425.0,20260518,안동,예천,예천(집),568.0,475.0,83.6%
426.0,20260518,안동,의성,의성(집),439.0,310.0,70.6%
427.0,20260518,안동,청송,청송(집),221.0,200.0,90.5%
428.0,20260518,안산,상록,안산고잔(집),1016.0,765.0,75.3%
429.0,20260518,안산,상록,안산본오(집),715.0,603.0,84.3%
430.0,20260518,안산,상록,안산사동(집),841.0,728.0,86.6%
431.0,20260518,안산,상록,안산일동(집),899.0,704.0,78.3%
432.0,20260518,안산,시흥,목감(집),342.0,236.0,69%
433.0,20260518,안산,시흥,성곡(집),1775.0,1593.0,89.7%
434.0,20260518,안산,시흥,시흥장현(집),1219.0,984.0,80.7%
435.0,20260518,안산,시흥,안산시흥(집),1515.0,1177.0,77.7%
436.0,20260518,안산,시흥,정왕(집),435.0,427.0,98.2%
437.0,20260518,안산,안산,대부(집),216.0,202.0,93.5%
438.0,20260518,안산,안산,선부(집),1595.0,1183.0,74.2%
439.0,20260518,양산,김해,김해동(집),949.0,942.0,99.3%
440.0,20260518,양산,김해,김해삼계(집),1056.0,1015.0,96.1%
441.0,20260518,양산,김해,김해신문(집),943.0,905.0,96%
442.0,20260518,양산,김해,김해율하(집),886.0,877.0,99%
443.0,20260518,양산,김해,김해주촌(집),326.0,325.0,99.7%
444.0,20260518,양산,김해,김해중앙(집),699.0,697.0,99.7%
445.0,20260518,양산,김해,김해진영(집),511.0,474.0,92.8%
446.0,20260518,양산,밀양,밀양남(집),420.0,404.0,96.2%
447.0,20260518,양산,밀양,밀양북(집),502.0,478.0,95.2%
448.0,20260518,양산,양산,양산동면(집),924.0,914.0,98.9%
449.0,20260518,양산,양산,양산물금(집),1411.0,1398.0,99.1%
450.0,20260518,양산,양산,양산북정(집),617.0,599.0,97.1%
451.0,20260518,양산,양산,웅상(집),949.0,928.0,97.8%
452.0,20260518,양산,양산2,부산덕천(집),1251.0,1218.0,97.4%
453.0,20260518,양산,양산2,부산화명(집),1072.0,1056.0,98.5%
454.0,20260518,양주,동두천,동두천(집),1244.0,1012.0,81.4%
455.0,20260518,양주,양주,양주회천(집),876.0,832.0,95%
456.0,20260518,양주,양주,옥정(집),976.0,944.0,96.7%
457.0,20260518,양주,양주은현,백석(집),486.0,485.0,99.8%
458.0,20260518,양주,양주은현,삼숭(집),716.0,699.0,97.6%
459.0,20260518,양주,철원,철원(집),540.0,494.0,91.5%
460.0,20260518,양주,포천,포천(집),1870.0,1670.0,89.3%
461.0,20260518,용인,기흥,용인고매(집),2117.0,1435.0,67.8%
462.0,20260518,용인,수지,용인동천(집),956.0,804.0,84.1%
463.0,20260518,용인,수지,용인상현(집),1380.0,1067.0,77.3%
464.0,20260518,용인,수지,용인죽전(집),765.0,593.0,77.5%
465.0,20260518,용인,신기흥,용인신갈(집),2096.0,1671.0,79.7%
466.0,20260518,용인,신처인,역북(집),435.0,424.0,97.5%
467.0,20260518,용인,신처인,용인남사(집),1456.0,1299.0,89.2%
468.0,20260518,용인,이천,이천대월(집),544.0,522.0,96%
469.0,20260518,용인,이천,이천부발(집),1716.0,1489.0,86.8%
470.0,20260518,용인,이천북,이천백사(집),1094.0,880.0,80.4%
471.0,20260518,용인,이천북,이천장호원(집),289.0,272.0,94.1%
472.0,20260518,용인,처인,포곡(집),2962.0,2524.0,85.2%
473.0,20260518,울산,북울산,울산북구(집),2073.0,1852.0,89.3%
474.0,20260518,울산,온산,언양2(집),253.0,203.0,80.2%
475.0,20260518,울산,온산,온산(집),835.0,791.0,94.7%
476.0,20260518,울산,온산,울주온양1(집),391.0,379.0,96.9%
477.0,20260518,울산,울산,무거(집),1336.0,1162.0,87%
478.0,20260518,울산,울산,반구(집),571.0,562.0,98.4%
479.0,20260518,울산,울산,삼산(집),2228.0,2167.0,97.3%
480.0,20260518,울산,울산달동,달동(집),1330.0,1116.0,83.9%
481.0,20260518,울산,울산동구,울산동구(집),685.0,520.0,75.9%
482.0,20260518,울산,울산동구,전하(집),1077.0,985.0,91.5%
483.0,20260518,울산,울주,언양(집),924.0,837.0,90.6%
484.0,20260518,울산,울주,울주온양2(집),712.0,673.0,94.5%
485.0,20260518,원주,단양,단양(집),325.0,194.0,59.7%
486.0,20260518,원주,서원주,지정(집),679.0,650.0,95.7%
487.0,20260518,원주,서원주,태장(집),343.0,338.0,98.5%
488.0,20260518,원주,여주,여주(집),1789.0,1449.0,81%
489.0,20260518,원주,영월,영월(집),491.0,436.0,88.8%
490.0,20260518,원주,원주,단계(집),1312.0,1096.0,83.5%
491.0,20260518,원주,원주,단구(집),497.0,493.0,99.2%
492.0,20260518,원주,원주,원주관설(집),729.0,711.0,97.5%
493.0,20260518,원주,원주,원주문막(집),698.0,663.0,95%
494.0,20260518,원주,원주,원주중앙(집),409.0,401.0,98%
495.0,20260518,원주,정선,고한(집),154.0,154.0,100%
496.0,20260518,원주,정선,정선(집),330.0,292.0,88.5%
497.0,20260518,원주,제천,제천장락(집),647.0,465.0,71.9%
498.0,20260518,원주,제천,제천중앙(집),757.0,525.0,69.4%
499.0,20260518,원주,태백,태백(집),704.0,435.0,61.8%
500.0,20260518,원주,평창,평창(집),476.0,384.0,80.7%
501.0,20260518,원주,횡성,횡성(집),729.0,528.0,72.4%
502.0,20260518,인천,남인천,인천용현(집),686.0,618.0,90.1%
503.0,20260518,인천,남인천,인천학익(집),1234.0,1087.0,88.1%
504.0,20260518,인천,남인천,주안(집),625.0,617.0,98.7%
505.0,20260518,인천,동인천,간석남(집),432.0,423.0,97.9%
506.0,20260518,인천,동인천,간석서(집),358.0,330.0,92.2%
507.0,20260518,인천,동인천,고잔(집),99.0,99.0,100%
508.0,20260518,인천,동인천,인천논현(집),1079.0,1034.0,95.8%
509.0,20260518,인천,동인천,인천동구(집),417.0,362.0,86.8%
510.0,20260518,인천,연수,동춘(집),1282.0,1276.0,99.5%
511.0,20260518,인천,연수,송도(집),730.0,671.0,91.9%
512.0,20260518,인천,연수,송도국제(집),1664.0,1422.0,85.5%
513.0,20260518,인천,연수,청학(집),314.0,222.0,70.7%
514.0,20260518,인천,인천,숭의(집),877.0,848.0,96.7%
515.0,20260518,인천,인천,영종도(집),1703.0,1698.0,99.7%
516.0,20260518,인천,인천,인천중구(집),452.0,444.0,98.2%
517.0,20260518,인천,인천남동,구월(집),953.0,937.0,98.3%
518.0,20260518,인천,인천남동,만수(집),1270.0,1264.0,99.5%
519.0,20260518,일산,성석1(일산),일산마두(집),592.0,557.0,94.1%
520.0,20260518,일산,성석1(일산),일산성석(집),740.0,648.0,87.6%
521.0,20260518,일산,성석1(일산),일산장항(집),819.0,692.0,84.5%
522.0,20260518,일산,성석1(일산),일산중산(집),976.0,959.0,98.3%
523.0,20260518,일산,성석2(덕양),덕양성사(집),453.0,443.0,97.8%
524.0,20260518,일산,성석2(덕양),덕양신원(집),789.0,702.0,89%
525.0,20260518,일산,성석2(덕양),덕양원당(집),309.0,268.0,86.7%
526.0,20260518,일산,성석2(덕양),덕양지축(집),752.0,500.0,66.5%
527.0,20260518,일산,성석2(덕양),덕양토당(집),526.0,525.0,99.8%
528.0,20260518,일산,성석2(덕양),덕양화정(집),1367.0,1352.0,98.9%
529.0,20260518,일산,성석2(덕양),향동(집),476.0,445.0,93.5%
530.0,20260518,일산,일산서구,대화(집),632.0,589.0,93.2%
531.0,20260518,일산,일산서구,일산덕이(집),1073.0,991.0,92.4%
532.0,20260518,일산,일산서구,일산중앙(집),845.0,835.0,98.8%
533.0,20260518,일산,주교(은평),갈현(집),1556.0,1283.0,82.5%
534.0,20260518,일산,주교(은평),불광(집),975.0,843.0,86.5%
535.0,20260518,일산,주교(은평),은평신사(집),808.0,738.0,91.3%
536.0,20260518,일산,주교(은평),진관(집),449.0,406.0,90.4%
537.0,20260518,일산,파주,금촌(집),1299.0,1155.0,88.9%
538.0,20260518,일산,파주,파주광탄(집),620.0,548.0,88.4%
539.0,20260518,일산,파주,파주조리(집),851.0,835.0,98.1%
540.0,20260518,일산,파주운정,동패(집),1611.0,1503.0,93.3%
541.0,20260518,일산,파주운정,운정(집),1548.0,1287.0,83.1%
542.0,20260518,전주,군산,군산수송(집),487.0,421.0,86.4%
543.0,20260518,전주,군산,군산조촌(집),1041.0,918.0,88.2%
544.0,20260518,전주,군산,군산지곡(집),1246.0,1082.0,86.8%
545.0,20260518,전주,김제,김제(집),781.0,734.0,94%
546.0,20260518,전주,남원,남원(집),824.0,650.0,78.9%
547.0,20260518,전주,덕진,금암(집),1366.0,1347.0,98.6%
548.0,20260518,전주,덕진,송천(집),1497.0,1429.0,95.5%
549.0,20260518,전주,덕진,호성(집),1002.0,870.0,86.8%
550.0,20260518,전주,서천,서천(집),469.0,430.0,91.7%
551.0,20260518,전주,익산,익산모현(집),1079.0,1029.0,95.4%
552.0,20260518,전주,익산,익산어양(집),840.0,800.0,95.2%
553.0,20260518,전주,익산,평화(집),897.0,856.0,95.4%
554.0,20260518,전주,임실,임실(집),177.0,171.0,96.6%
555.0,20260518,전주,장수,장수(집),195.0,156.0,80%
556.0,20260518,전주,전주,삼천(집),967.0,871.0,90.1%
557.0,20260518,전주,전주,완주봉동(집),923.0,889.0,96.3%
558.0,20260518,전주,전주,완주용진(집),427.0,378.0,88.5%
559.0,20260518,전주,전주,전주서신(집),766.0,734.0,95.8%
560.0,20260518,전주,전주,전주효자(집),1521.0,1429.0,94%
561.0,20260518,전주,진안,진안(집),212.0,182.0,85.8%
562.0,20260518,제주,서귀포,대정(집),702.0,582.0,82.9%
563.0,20260518,제주,서귀포,서귀포오토(집),1906.0,1805.0,94.7%
564.0,20260518,제주,서귀포,표선(집),389.0,344.0,88.4%
565.0,20260518,제주,제주,노형(집),1945.0,1922.0,98.8%
566.0,20260518,제주,제주,애월(집),496.0,491.0,99%
567.0,20260518,제주,제주,용담(집),1200.0,1069.0,89.1%
568.0,20260518,제주,제주,제주도남(집),709.0,699.0,98.6%
569.0,20260518,제주,제주,제주한림(집),399.0,305.0,76.4%
570.0,20260518,제주,제주조천,제주아라(집),1094.0,1087.0,99.4%
571.0,20260518,제주,제주조천,조천(집),1443.0,1284.0,89%
572.0,20260518,진주,거제,거제고현(집),898.0,828.0,92.2%
573.0,20260518,진주,거제,거제옥포(집),335.0,330.0,98.5%
574.0,20260518,진주,거제,거제일운(집),125.0,120.0,96%
575.0,20260518,진주,거제2,거제상문(집),481.0,441.0,91.7%
576.0,20260518,진주,거제2,거제중앙(집),496.0,323.0,65.1%
577.0,20260518,진주,거창,거창가조(집),41.0,41.0,100%
578.0,20260518,진주,거창,거창웅양(집),26.0,26.0,100%
579.0,20260518,진주,거창,거창읍(집),640.0,593.0,92.7%
580.0,20260518,진주,고성,고성(집),463.0,428.0,92.4%
581.0,20260518,진주,남해,남해(집),350.0,262.0,74.9%
582.0,20260518,진주,사천,사천사남(집),324.0,321.0,99.1%
583.0,20260518,진주,사천,사천읍(집),310.0,306.0,98.7%
584.0,20260518,진주,사천,삼천포(집),371.0,342.0,92.2%
585.0,20260518,진주,산청,산청단성(집),143.0,141.0,98.6%
586.0,20260518,진주,산청,산청읍(집),123.0,88.0,71.5%
587.0,20260518,진주,진주,진주금산(집),522.0,510.0,97.7%
588.0,20260518,진주,진주,진주대안(집),332.0,239.0,72%
589.0,20260518,진주,진주,진주상대(집),376.0,360.0,95.7%
590.0,20260518,진주,진주,진주초전(집),555.0,518.0,93.3%
591.0,20260518,진주,진주,진주충무공(집),971.0,804.0,82.8%
592.0,20260518,진주,진주,진주칠암(집),333.0,325.0,97.6%
593.0,20260518,진주,진주,진주평거(집),696.0,459.0,65.9%
594.0,20260518,진주,하동,하동(집),407.0,280.0,68.8%
595.0,20260518,진주,함양,함양수동(집),281.0,230.0,81.9%
596.0,20260518,진주,함양,함양안의(집),67.0,67.0,100%
597.0,20260518,진주,합천,합천(집),308.0,232.0,75.3%
598.0,20260518,창원,마산,마산가포(집),690.0,670.0,97.1%
599.0,20260518,창원,마산,마산내서(집),1451.0,1415.0,97.5%
600.0,20260518,창원,마산,마산양덕(집),820.0,615.0,75%
601.0,20260518,창원,마산,마산진동(집),259.0,254.0,98.1%
602.0,20260518,창원,마산,마산회성(집),511.0,473.0,92.6%
603.0,20260518,창원,의령,의령(집),234.0,157.0,67.1%
604.0,20260518,창원,진해,진해용원(집),1196.0,917.0,76.7%
605.0,20260518,창원,진해,진해중앙(집),653.0,609.0,93.3%
606.0,20260518,창원,창녕,창녕(집),611.0,585.0,95.7%
607.0,20260518,창원,창원,동읍(집),824.0,704.0,85.4%
608.0,20260518,창원,창원,창원북면(집),719.0,690.0,96%
609.0,20260518,창원,창원,창원사파(집),623.0,553.0,88.8%
610.0,20260518,창원,창원,창원상남(집),897.0,872.0,97.2%
611.0,20260518,창원,창원,창원신촌(집),830.0,739.0,89%
612.0,20260518,창원,창원,창원중앙(집),1433.0,1275.0,89%
613.0,20260518,창원,통영,통영용남(집),389.0,353.0,90.7%
614.0,20260518,창원,통영,통영중앙(집),709.0,656.0,92.5%
615.0,20260518,창원,함안,함안(집),754.0,570.0,75.6%
616.0,20260518,천안,동천안,목천(집),777.0,773.0,99.5%
617.0,20260518,천안,동천안,병천(집),209.0,188.0,90%
618.0,20260518,천안,동천안,신방(집),807.0,739.0,91.6%
619.0,20260518,천안,동천안,신부(집),621.0,613.0,98.7%
620.0,20260518,천안,동천안,천안구성(집),824.0,762.0,92.5%
621.0,20260518,천안,아산,공수(집),585.0,564.0,96.4%
622.0,20260518,천안,아산,둔포(집),798.0,739.0,92.6%
623.0,20260518,천안,아산,모종(집),778.0,671.0,86.2%
624.0,20260518,천안,아산,북수(집),1335.0,1255.0,94%
625.0,20260518,천안,아산,신창(집),622.0,611.0,98.2%
626.0,20260518,천안,아산,탕정(집),1202.0,1140.0,94.8%
627.0,20260518,천안,예산,신예산(집),944.0,794.0,84.1%
628.0,20260518,천안,천안,두정(집),700.0,618.0,88.3%
629.0,20260518,천안,천안,불당(집),1393.0,1364.0,97.9%
630.0,20260518,천안,천안,성환(집),421.0,420.0,99.8%
631.0,20260518,천안,천안,직산(집),745.0,671.0,90.1%
632.0,20260518,천안,천안,천안백석(집),1292.0,1176.0,91%
633.0,20260518,청주,괴산,괴산(집),970.0,564.0,58.1%
634.0,20260518,청주,보은,보은(집),333.0,306.0,91.9%
635.0,20260518,청주,서청주,복대(집),1820.0,1666.0,91.5%
636.0,20260518,청주,서청주,비하(집),447.0,439.0,98.2%
637.0,20260518,청주,서청주,송절(집),1440.0,1233.0,85.6%
638.0,20260518,청주,서청주,수곡(집),435.0,431.0,99.1%
639.0,20260518,청주,서청주,오송(집),1300.0,1264.0,97.2%
640.0,20260518,청주,음성,금왕(집),875.0,729.0,83.3%
641.0,20260518,청주,음성,맹동(집),498.0,385.0,77.3%
642.0,20260518,청주,진천,덕산(집),810.0,655.0,80.9%
643.0,20260518,청주,진천,진천(집),463.0,458.0,98.9%
644.0,20260518,청주,청주,내덕(집),1071.0,995.0,92.9%
645.0,20260518,청주,청주,미원(집),1250.0,1160.0,92.8%
646.0,20260518,청주,청주,오창(집),1380.0,1271.0,92.1%
647.0,20260518,청주,청주,우암(집),719.0,646.0,89.8%
648.0,20260518,청주,충주,동량(집),580.0,517.0,89.1%
649.0,20260518,청주,충주,주덕(집),909.0,892.0,98.1%
650.0,20260518,청주,충주,호암(집),650.0,643.0,98.9%
651.0,20260518,춘천,가평,가평(집),1173.0,753.0,64.2%
652.0,20260518,춘천,양구,양구(집),294.0,145.0,49.3%
653.0,20260518,춘천,인제,인제(집),479.0,362.0,75.6%
654.0,20260518,춘천,춘천,춘천남산(집),273.0,192.0,70.3%
655.0,20260518,춘천,춘천,춘천동내(집),783.0,730.0,93.2%
656.0,20260518,춘천,춘천,춘천중앙(집),975.0,930.0,95.4%
657.0,20260518,춘천,춘천,춘천퇴계(집),1254.0,1226.0,97.8%
658.0,20260518,춘천,춘천,효자(집),392.0,387.0,98.7%
659.0,20260518,춘천,홍천,홍천(집),1010.0,798.0,79%
660.0,20260518,춘천,화천,화천(집),306.0,274.0,89.5%
661.0,20260518,평택,남안성,공도(집),2048.0,1361.0,66.5%
662.0,20260518,평택,남안성,안성(집),1068.0,975.0,91.3%
663.0,20260518,평택,송탄,서탄(집),1054.0,941.0,89.3%
664.0,20260518,평택,송탄,송탄(집),838.0,821.0,98%
665.0,20260518,평택,안중,고덕(집),1827.0,1591.0,87.1%
666.0,20260518,평택,안중,평택청북(집),1539.0,1297.0,84.3%
667.0,20260518,평택,오산,오산고현(집),1180.0,924.0,78.3%
668.0,20260518,평택,오산,오산중앙(집),1711.0,1411.0,82.5%
669.0,20260518,평택,평택,비전(집),1156.0,1117.0,96.6%
670.0,20260518,평택,평택,용이(집),781.0,770.0,98.6%
671.0,20260518,평택,평택,평택지제(집),966.0,895.0,92.7%
672.0,20260518,포항,경주,보문(집),2139.0,1899.0,88.8%
673.0,20260518,포항,경주,황성(집),217.0,42.0,19.4%
674.0,20260518,포항,남경주,감포(집),522.0,443.0,84.9%
675.0,20260518,포항,남경주,안강(집),901.0,738.0,81.9%
676.0,20260518,포항,영덕,영덕(집),347.0,135.0,38.9%
677.0,20260518,포항,영덕,후포(집),118.0,25.0,21.2%
678.0,20260518,포항,울진,울진(집),295.0,274.0,92.9%
679.0,20260518,포항,울진,죽변(집),227.0,110.0,48.5%
680.0,20260518,포항,포항,기계(집),84.0,81.0,96.4%
681.0,20260518,포항,포항,오천(집),1373.0,1085.0,79%
682.0,20260518,포항,포항,포항중앙(집),656.0,615.0,93.8%
683.0,20260518,포항,포항,효곡(집),935.0,929.0,99.4%
684.0,20260518,포항,포항북구,구룡포(집),263.0,256.0,97.3%
685.0,20260518,포항,포항북구,양덕(집),682.0,555.0,81.4%
686.0,20260518,포항,포항북구,울릉(집),239.0,151.0,63.2%
687.0,20260518,포항,포항북구,포항북구(집),820.0,788.0,96.1%
688.0,20260518,포항,포항북구,흥해(집),1132.0,1051.0,92.8%
689.0,20260518,하남,구리,구리(집),1955.0,1874.0,95.9%
690.0,20260518,하남,구리사노1(광진),광장(집),729.0,663.0,90.9%
691.0,20260518,하남,구리사노1(광진),구의(집),1160.0,905.0,78%
692.0,20260518,하남,구리사노1(광진),군자(집),612.0,531.0,86.8%
693.0,20260518,하남,구리사노1(광진),자양(집),412.0,380.0,92.2%
694.0,20260518,하남,구리사노1(광진),중곡(집),489.0,415.0,84.9%
695.0,20260518,하남,미사,교산(집),88.0,88.0,100%
696.0,20260518,하남,미사,미사(집),968.0,863.0,89.2%
697.0,20260518,하남,미사,미사중앙(집),394.0,358.0,90.9%
698.0,20260518,하남,성동,금호(집),745.0,561.0,75.3%
699.0,20260518,하남,성동,성수(집),548.0,449.0,81.9%
700.0,20260518,하남,성동,왕십리(집),476.0,469.0,98.5%
701.0,20260518,하남,성동,행당(집),623.0,576.0,92.5%
702.0,20260518,하남,하남,감일(집),386.0,356.0,92.2%
703.0,20260518,하남,하남,덕풍(집),524.0,446.0,85.1%
704.0,20260518,하남,하남,하남신장(집),627.0,626.0,99.8%
705.0,20260518,하남,하남,학암(집),325.0,325.0,100%
합계,,,,,546133.0,478600.0,87.6
